"ID","SEQUENCE","ACP","AMP"
11,"RVKRVWPLVIRTVIAGYNLYRAIKKK",TRUE,TRUE
102,"ALWKTLLKKVLKAAAKAALKAVLVGANA",TRUE,TRUE
146,"KRIVQRIKDFLR",TRUE,TRUE
160,"VRRFPWWWPFLRR",TRUE,TRUE
197,"KKLFKKILKYL",TRUE,TRUE
230,"KWKLFKKIPKFLHLAKKF",TRUE,TRUE
257,"LKlLKkLlkKLLkLL",TRUE,TRUE
260,"RWRWRW",TRUE,TRUE
264,"KWKSFAKTFKSAKKTVLHTALKAISS",TRUE,TRUE
265,"KWKSFLKTFKSAKKTVLHTALKAISS",TRUE,TRUE
267,"KWKSFLKTFKSLKKTVLHTALKAISS",TRUE,TRUE
268,"KWKSFLKTFKSAKKTVLHTLLKAISS",TRUE,TRUE
270,"KWKSFLKTFKSLKKTVLHTLLKAISS",TRUE,TRUE
271,"KWKSFLKTFKSLKKTVLHTLLKLISS",TRUE,TRUE
347,"CVKVKVKVGSGVKVKVKVC",TRUE,TRUE
348,"CVKVSVKVGSGVKVSVKVC",TRUE,TRUE
349,"CVKVRVKVGSGVKVRVKVC",TRUE,TRUE
350,"CVKVQVKVGSGVKVQVKVC",TRUE,TRUE
351,"CAKAKAKAGSGAKAKAKAC",TRUE,TRUE
352,"CFKFKFKFGSGFKFKFKFC",TRUE,TRUE
353,"CWKWKWKWGSGWKWKWKWC",TRUE,TRUE
360,"GIGKFLHSAKKFGKAFVGEIMNS",TRUE,TRUE
447,"KWKLFKKIGAVLKVL",TRUE,TRUE
491,"ILPWKWPWWPWRR",TRUE,TRUE
506,"FLPLIGRVLSGIL",TRUE,TRUE
512,"RRWWRF",TRUE,TRUE
535,"SMWSGMWRRKLKKLRNALKKKLKGE",TRUE,TRUE
536,"GLFGKLIKKFGRKAISYAVKKARGKH",TRUE,TRUE
564,"GKPRPYSPRPTSHPRPIRV",TRUE,TRUE
565,"GFFGKMKEYFKKFGASFKRRFANLKKRL",TRUE,TRUE
571,"KWKLFKKIEKVGQNIRDGIIKAGPAVAVVGQATQIAK",TRUE,TRUE
572,"KWKIFKKIEKVGRNIRNGIIKAGPAVAVLGEAKAL",TRUE,TRUE
573,"KWKVFKKIEKMGRNIRNGIVKAGPAIAVLGEAKAL",TRUE,TRUE
606,"ALWMTLLKKVLKAAAKAALNAVLVGANA",TRUE,TRUE
609,"ALWDTLLKKVLKAAAKAALDAVLVGANA",TRUE,TRUE
611,"ALWKTLLKKVLKAAAKAALNAVLVGANA",TRUE,TRUE
616,"TLLKKVLKAAAKAALNAVLVGANA",TRUE,TRUE
619,"ALWKTLLKKVLKAAAK",TRUE,TRUE
626,"FLGALFKVASKVLPSVKCAITKKC",TRUE,TRUE
628,"GRFKRFRKKFKKLFKKLS",TRUE,TRUE
655,"FLGALFKWASK",TRUE,TRUE
660,"ALWKNMLKGIGKLAGQAALGAVKTLVGA",TRUE,TRUE
661,"ALWKDILKNVGKAAGKAVLNTVTDMVNQ",TRUE,TRUE
672,"RGGRLCYCRRRFCVCVGR",TRUE,TRUE
696,"KNLRRIIRKGIHIIKKYG",TRUE,TRUE
697,"KNLRRITRKIIHIIKKYG",TRUE,TRUE
716,"FPVTWRWWKWWKG",TRUE,TRUE
734,"GLPVCGETCVGGTCNTPGCTCSWPVCTRN",TRUE,TRUE
763,"GIGKFLKKAKKFGKAFVKILKK",TRUE,TRUE
764,"LLGDFFRKSKEKIGKEFKRIVQRIKDFLRNLVPRTES",TRUE,TRUE
775,"LVIRTVIAGYNLYRAIKKK",TRUE,TRUE
779,"GLFDIIKKIAESF",TRUE,TRUE
780,"GLFDIAKKVIGVIGSL",TRUE,TRUE
781,"GLFDIVKKIAGHIVSSI",TRUE,TRUE
806,"GIGAVLKVLTTGLPALISWIKRKRQQ",TRUE,TRUE
814,"XCRRLCYKQRCVTYCRGR",TRUE,TRUE
832,"GIGTKILGGVKTALKGALKELASTYAN",TRUE,TRUE
835,"GIGGKILSGLKTALKGAAKELASTYLH",TRUE,TRUE
841,"GIGGVLLSAGKAALKGLAKVLAEKYAN",TRUE,TRUE
843,"SIGAKILGGVKTFFKGALKELASTYLQ",TRUE,TRUE
847,"LLPIVGNLLKSLL",TRUE,TRUE
860,"KGGk",TRUE,TRUE
872,"TRSSRAGLQFPVGRVHRLLRK",TRUE,TRUE
887,"RAGLQFPVGRLLRRLLRRLLR",TRUE,TRUE
904,"WKLFKKILKVL",TRUE,TRUE
915,"KKLFKKILKFL",TRUE,TRUE
919,"GIINTLQKYYCRVRGGRCAVLSCLPKEEQIGKCSTRGRKCCRRKK",TRUE,TRUE
926,"FLGWLFKVASK",TRUE,TRUE
928,"FLGWLFKWAWK",TRUE,TRUE
941,"FLWWLFKWAWK",TRUE,TRUE
942,"FLGWLFKWAKK",TRUE,TRUE
943,"FLKWLFKWAKK",TRUE,TRUE
968,"GLFGKLQKKFGRKAISYAVKKARGKH",TRUE,TRUE
969,"GLFGKLIKKKGRKAISYAVKKARGKH",TRUE,TRUE
970,"GLFGKLIKKFLRKAISYAVKKARGKH",TRUE,TRUE
971,"GKLIKKFGRKAISYAVKKARGKH",TRUE,TRUE
972,"GFFGKRKEYFKKFGASFKRRFANLKKRL",TRUE,TRUE
973,"GKMKEYFKKFGASFKRRFANLKKRL",TRUE,TRUE
995,"GWKSVFRKAKKVGKTVGGLALDHYL",TRUE,TRUE
996,"GWKKWFNRAKKVGKTVGGLAVDHYL",TRUE,TRUE
997,"RWGKWFKKATHVGKHVGKAALTAYL",TRUE,TRUE
998,"AGWGSIFKHIFKAGKFIHGAIQAHND",TRUE,TRUE
999,"GFWGKLFKLGLHGIGLLHLHL",TRUE,TRUE
1000,"GWKKWFTKGERLSQRHFA",TRUE,TRUE
1001,"FLGLLFHGVHHVGKWIHGLIHGHH",TRUE,TRUE
1003,"GWGSFFKKAAHVGKHVGKAALTHYL",TRUE,TRUE
1004,"GWGSFFKKAAHVGKHVGKAALTHYL",TRUE,TRUE
1005,"GFGALFKFLAKKVAKTVAKQAAKQGAKYVVNKQME",TRUE,TRUE
1011,"GLFLDTLKGAAKDVAGKLEGLKCKITGCKLP",TRUE,TRUE
1022,"GIFSKLAGKKLKNLLISG",TRUE,TRUE
1023,"GIFSKLAGKKIKNLLISGLKG",TRUE,TRUE
1026,"FVQWFSKFLGRIL",TRUE,TRUE
1074,"KNLRRIIRKIIHIIKKYG",TRUE,TRUE
1104,"GEILCNLCTGLINTLENLLTTKGADKVKDYISSLCNKASGFIATLCTKVLDFGIDKLIQLIEDKVDANAICAKIHAC",TRUE,TRUE
1105,"GFIATLCTKVLDFGIDKLIQLIEDK",TRUE,TRUE
1106,"GEILCNLCTGLINTLENLLTTKRKRQQ",TRUE,TRUE
1160,"GNNRPVYIPQPRPPHPRL",TRUE,TRUE
1195,"GLWSKIKEVGKEAAKAAAKAAGKAALGAVSEAV",TRUE,TRUE
1204,"RRWRIVVIRVRR",TRUE,TRUE
1241,"ILGTILGLLKGL",TRUE,TRUE
1253,"GLFDIVKKVVGAFGSL",TRUE,TRUE
1257,"GLFDIVKKIAGHIAGSI",TRUE,TRUE
1261,"GLFDIVKKIAGHIASSI",TRUE,TRUE
1273,"FLGGLIKIVPAMICAVTKKC",TRUE,TRUE
1404,"RSTEDIIKSISGGGFLNAMNA",TRUE,TRUE
1409,"GWRTLLKKAEVKTVGKLALKHYL",TRUE,TRUE
1410,"GKGRWLERIGKAGGIIIGGALDHL",TRUE,TRUE
1412,"GRRKRKWLRRIGKGVKIIGGAALDHL",TRUE,TRUE
1413,"FLGALIKGAIHGGRFIHGMIQNHH",TRUE,TRUE
1416,"FALAAKALKKLAKKLKKLAKKAL",TRUE,TRUE
1417,"FAKKLAKKLKKLAKKLAK",TRUE,TRUE
1418,"FALALKALKKLLKKLKKLAKKAL",TRUE,TRUE
1419,"FAKKLAKLAKKLAKLAL",TRUE,TRUE
1420,"GWGSIFKHGRHAAKHIGHAAVNHYL",TRUE,TRUE
1421,"FAKLLAKLAKKLL",TRUE,TRUE
1422,"FAKLLAKALKKLL",TRUE,TRUE
1428,"FFRLLFHGVHHGGGYLNAA",TRUE,TRUE
1429,"FFRLLFHGVHHVGKIKPRA",TRUE,TRUE
1434,"GWKKWLRKGAKHLGQAAIK",TRUE,TRUE
1435,"GWKKWLRKGAKHLGQAAIKGLAS",TRUE,TRUE
1438,"RWKIFKKIERVGQNVRDGIIKAGPAIQVLGTAKALGK",TRUE,TRUE
1440,"KWKSFLKTFKSALKTVLHTALKAISS",TRUE,TRUE
1441,"KWKSFLKTFKSAAKTVLHTALKAISS",TRUE,TRUE
1468,"FLSLALAALPKFLCLVFKKC",TRUE,TRUE
1469,"FLSLALAALPKLFCLIFKKC",TRUE,TRUE
1471,"GLFDVVKGVLKGAGKNVAGSLLEQLKCKLSGGC",TRUE,TRUE
1477,"FLIGMTQGLICLITRKC",TRUE,TRUE
1478,"GLFDVVKGVLKGVGKNVAGSLLEQLKCKLSGGC",TRUE,TRUE
1484,"GVLGAVKDLLIGAGKSAAQSVLKTLSCKLSNDC",TRUE,TRUE
1485,"RGLRRLGRKIAHGVKKYGPTVLRIIRIA",TRUE,TRUE
1556,"RLRRIVVIRVRR",TRUE,TRUE
1569,"FLPLAVSLAANFLPKLFCKITKKC",TRUE,TRUE
1570,"FLPIVGKLLSGLSGLL",TRUE,TRUE
1584,"IDWKKLLDAAKQIL",TRUE,TRUE
1655,"DNGEAGRAAR",TRUE,TRUE
1666,"ANDPQCLYGNVAAKF",TRUE,TRUE
1681,"DDFLCAGGCL",TRUE,TRUE
1687,"ATCYCRTGRCATRESLSGVCEISGRLYRLCCR",TRUE,TRUE
1688,"VXLfPVXLfP",TRUE,TRUE
1737,"KFFRKLKKSVKKRAKEFFKKPRVIGVSIPF",TRUE,TRUE
1740,"GIPCGESCVWIPCISSAIGCSCKSKVCYRN",TRUE,TRUE
1755,"KRWWKWWRR",TRUE,TRUE
1770,"GLPVCGETCVGGTCNTPGCSCSWPVCTRN",TRUE,TRUE
1805,"GILSSIKGVAKGVAKNVAAQLLDTLKCKITGC",TRUE,TRUE
1836,"GLFAVIKKVASVIKGL",TRUE,TRUE
1894,"GYFCESCRKIIQKLEDMVGPQPNEDTVTQAASQVCDKLKILRGLCKKIMRSFLRRISWDILTGKKPQAICVDIKICKE",TRUE,TRUE
1924,"DGVKLCDVPSGTWSGHCGSSSKCSQQCKDREHFAYGGACHYQFPSVKCFCKRQC",TRUE,TRUE
1955,"RECKTESNTFPGICITKPPCRKACISEKFTDGHCSKILRRCLCTKPC",TRUE,TRUE
2002,"VFQFLGKIIHHVGNFVHGFSHVF",TRUE,TRUE
2018,"KILRGVCKKIMRTFLRRISKDILTGKK",TRUE,TRUE
2020,"KILRGVSKKIMRTFLRRISKDILTGKK",TRUE,TRUE
2021,"KISKKIMRTFLRRISKDILTGKK",TRUE,TRUE
2023,"KILRGVSKKIMRTFLRRILTGKK",TRUE,TRUE
2024,"KISKRILTGKK",TRUE,TRUE
2025,"RWCVYAYVRVRGVLVRYRRCW",TRUE,TRUE
2027,"KWCVYAYVKVKGVLVKYKKCW",TRUE,TRUE
2028,"ISRLAGLLRKGGEKIGEKLKKIGQKIKNFFQKLVPQPE",TRUE,TRUE
2042,"DTHFPICIFCCGCCHRSKCGMCCKT",TRUE,TRUE
2043,"ICIFCCGCCHRSKCGMCCKT",TRUE,TRUE
2063,"KWKLFKKIGIGAVLKVLTTG",TRUE,TRUE
2121,"GGAGHVPEYFVGIGTPISFYG",TRUE,TRUE
2156,"AIGSILGALAKGLPTLISWIKNR",TRUE,TRUE
2204,"FLSGIVGMLGKLF",TRUE,TRUE
2229,"KWCFRVCYRGICYRRCR",TRUE,TRUE
2261,"KWCFRVCYRGICYRRCR",TRUE,TRUE
2278,"GFKkLLKGAAKALVKTVLF",TRUE,TRUE
2317,"LLAGLAANFLPTIICKISYKC",TRUE,TRUE
2318,"FLPLLAGLAANFLPTIICKISYKC",TRUE,TRUE
2319,"FAGLAANFLPTIICKISYKC",TRUE,TRUE
2320,"FLKLLKKLAAKFLPTIICKISYKC",TRUE,TRUE
2321,"FLKLLKKLAAKFL",TRUE,TRUE
2322,"FLKLLKKLAAKLF",TRUE,TRUE
2323,"FLGALFKALSKLL",TRUE,TRUE
2324,"FLKLLAGLLKNFA",TRUE,TRUE
2335,"HFLGTLVNLAKKIL",TRUE,TRUE
2336,"XFLGTLVNLAKKIL",TRUE,TRUE
2337,"HXLGTLVNLAKKIL",TRUE,TRUE
2338,"HFXGTLVNLAKKIL",TRUE,TRUE
2339,"HFLXTLVNLAKKIL",TRUE,TRUE
2340,"HFLGXLVNLAKKIL",TRUE,TRUE
2341,"HFLGTXVNLAKKIL",TRUE,TRUE
2342,"HFLGTLXNLAKKIL",TRUE,TRUE
2343,"HFLGTLVXLAKKIL",TRUE,TRUE
2344,"HFLGTLVNXAKKIL",TRUE,TRUE
2345,"HFLGTLVNLXKKIL",TRUE,TRUE
2346,"HFLGTLVNLAKKXL",TRUE,TRUE
2347,"HFLGTLVNLAKKIX",TRUE,TRUE
2350,"GANLAKKFYTYINKFINYAW",TRUE,TRUE
2351,"GANAAKKFATIAKKFINYLW",TRUE,TRUE
2353,"GIKIAKKAITIAKKIAKIYW",TRUE,TRUE
2356,"GAKALTKAATAFTKFYKTIW",TRUE,TRUE
2357,"GATYAKKIIKTITKIATTAW",TRUE,TRUE
2358,"GYNYAKKLANLAKKFANALW",TRUE,TRUE
2360,"GANAAKKLATFAKKIFTAYW",TRUE,TRUE
2370,"FFHHIFRGIVHVGKTIHRLVTG",TRUE,TRUE
2407,"ILGKLLSTAAGLLSNL",TRUE,TRUE
2413,"KLKLKFKLKQ",TRUE,TRUE
2433,"WALAL",TRUE,TRUE
2538,"GFGCPNNYQCHRHCKSIPGRCGGYCGGWHRLRCTCYRC",TRUE,TRUE
2542,"CGGWKRKRC",TRUE,TRUE
2545,"CGGYSGGWHRLRSTSYRCG",TRUE,TRUE
2547,"SGGYCGGWHRLRCTSYRSG",TRUE,TRUE
2549,"CGGYCGGWHRLRCTSYRCG",TRUE,TRUE
2550,"CGGYCGGWKRKRCTSYRCG",TRUE,TRUE
2570,"KTCENLADTFRGPCFATSNCDDHCKNKEHLLSGRCRDDFRCWCTRNC",TRUE,TRUE
2573,"FIHHIFRGIVHAGRSIGRFLTG",TRUE,TRUE
2585,"rlylriGrr",TRUE,TRUE
2587,"rlrlriGrr",TRUE,TRUE
2589,"alylairrr",TRUE,TRUE
2591,"rlllriGrr",TRUE,TRUE
2820,"KLWKKWKKWLK",TRUE,TRUE
2899,"KKKKKFLLLQ",TRUE,TRUE
2900,"KKKKLFKLLQ",TRUE,TRUE
2901,"KKKLKFKLLQ",TRUE,TRUE
2902,"KKLKKFKLLQ",TRUE,TRUE
2903,"KLKKKFKLLQ",TRUE,TRUE
2905,"LKKKKFKLLQ",TRUE,TRUE
2906,"KKKKLFLKLQ",TRUE,TRUE
2907,"KKKLKFLKLQ",TRUE,TRUE
2908,"KKLKKFLKLQ",TRUE,TRUE
2909,"KLKKKFLKLQ",TRUE,TRUE
2910,"LKKKKFLKLQ",TRUE,TRUE
2911,"KKKLLFKKLQ",TRUE,TRUE
2912,"KKLKLFKKLQ",TRUE,TRUE
2913,"KLKKLFKKLQ",TRUE,TRUE
2914,"LKKKLFKKLQ",TRUE,TRUE
2915,"KKKKLFLLKQ",TRUE,TRUE
2916,"KKKLKFLLKQ",TRUE,TRUE
2917,"KKLKKFLLKQ",TRUE,TRUE
2931,"KLKKKFLLKQ",TRUE,TRUE
2932,"LKKKKFLLKQ",TRUE,TRUE
2933,"KKKLLFKLKQ",TRUE,TRUE
2934,"KKLKLFKLKQ",TRUE,TRUE
2936,"XNNRPVYIPRPRPPHPRL",TRUE,TRUE
2951,"XNNRPVYIPRPRPPHPRL",TRUE,TRUE
2977,"KLKKLFKLKQ",TRUE,TRUE
2978,"LKKKLFKLKQ",TRUE,TRUE
2987,"KKLLKFKLKQ",TRUE,TRUE
2988,"LKKLKFKLKQ",TRUE,TRUE
3010,"KLLKKFKLKQ",TRUE,TRUE
3011,"LKLKKFKLKQ",TRUE,TRUE
3016,"LLKKKFKLKQ",TRUE,TRUE
3017,"KKKLLFLKKQ",TRUE,TRUE
3018,"KKLKLFLKKQ",TRUE,TRUE
3019,"KLKKLFLKKQ",TRUE,TRUE
3020,"LKKKLFLKKQ",TRUE,TRUE
3021,"KKLLKFLKKQ",TRUE,TRUE
3022,"KLKLKFLKKQ",TRUE,TRUE
3023,"LKKLKFLKKQ",TRUE,TRUE
3024,"KLLKKFLKKQ",TRUE,TRUE
3031,"LKLKKFLKKQ",TRUE,TRUE
3032,"LLKKKFLKKQ",TRUE,TRUE
3033,"KKLLLFKKKQ",TRUE,TRUE
3034,"KLKLLFKKKQ",TRUE,TRUE
3036,"LKKLLFKKKQ",TRUE,TRUE
3037,"KLLKLFKKKQ",TRUE,TRUE
3038,"LKLKLFKKKQ",TRUE,TRUE
3039,"LLKKLFKKKQ",TRUE,TRUE
3040,"KLLLKFKKKQ",TRUE,TRUE
3041,"LKLLKFKKKQ",TRUE,TRUE
3042,"LLKLKFKKKQ",TRUE,TRUE
3043,"LLLKKFKKKQ",TRUE,TRUE
3044,"KKLLKFKKLQ",TRUE,TRUE
3045,"KLKLKFKKLQ",TRUE,TRUE
3046,"LKKLKFKKLQ",TRUE,TRUE
3047,"KLLKKFKKLQ",TRUE,TRUE
3048,"LKLKKFKKLQ",TRUE,TRUE
3049,"LLKKKFKKLQ",TRUE,TRUE
3050,"RIIDLLWRVRRPQKPKFVTVWVR",TRUE,TRUE
3057,"KLLLKFKKLQ",TRUE,TRUE
3058,"KKKLKFKKLQ",TRUE,TRUE
3059,"LLLKKFKKLQ",TRUE,TRUE
3060,"LKKKKFKKLQ",TRUE,TRUE
3061,"LKLLKFKKLQ",TRUE,TRUE
3062,"KKLKKFKKLQ",TRUE,TRUE
3063,"LLKLKFKKLQ",TRUE,TRUE
3064,"KLKKKFKKLQ",TRUE,TRUE
3066,"LLLLKFKKLQ",TRUE,TRUE
3067,"KKKKKFKKLQ",TRUE,TRUE
3073,"GEKLKKIGQKIKNFFQKL",TRUE,TRUE
3074,"GKKLKKIGQKIKNFFQKL",TRUE,TRUE
3075,"GEKLKKIGKKIKNFFQKL",TRUE,TRUE
3076,"GEKLKKIGQKIKKFFQKL",TRUE,TRUE
3077,"GEKLKKIGQKIKNFFKKL",TRUE,TRUE
3116,"GLLKRIKTLL",TRUE,TRUE
3177,"SLLSLIRKLIT",TRUE,TRUE
3203,"KIWWWWRKR",TRUE,TRUE
3232,"FFFLSRIF",TRUE,TRUE
3238,"AWKLFDDGV",TRUE,TRUE
3239,"AWXLFDDGV",TRUE,TRUE
3261,"GMWSKILGHLIR",TRUE,TRUE
3262,"GmwskilGhlir",TRUE,TRUE
3267,"GMWSKILGHLIK",TRUE,TRUE
3268,"GMWSKILGHLKR",TRUE,TRUE
3269,"GMWSKILGKLIR",TRUE,TRUE
3270,"GMWSKILKHLIR",TRUE,TRUE
3271,"GMWKKILGHLIR",TRUE,TRUE
3272,"GKWSKILGHLIR",TRUE,TRUE
3273,"KMWSKILGHLIR",TRUE,TRUE
3274,"GMWKKILGKLIR",TRUE,TRUE
3275,"GKWSKILGKLIR",TRUE,TRUE
3276,"GKWKKILGHLIR",TRUE,TRUE
3277,"GKWKKILGKLIR",TRUE,TRUE
3285,"GMWSkILGHLIR",TRUE,TRUE
3286,"GMWSKLLGHLLR",TRUE,TRUE
3287,"GKWMSLLKHILK",TRUE,TRUE
3288,"Gkwmsllkhilk",TRUE,TRUE
3289,"GKWMSLLKKILK",TRUE,TRUE
3291,"GKWMKLLKHILK",TRUE,TRUE
3292,"GKWKSLLKHILK",TRUE,TRUE
3296,"GKwMSLLKHILK",TRUE,TRUE
3297,"GKWMSLLKHIWK",TRUE,TRUE
3298,"GKWMSLLKHWLK",TRUE,TRUE
3299,"GKWMSLWKHILK",TRUE,TRUE
3303,"GKFMSLLKHILK",TRUE,TRUE
3306,"GKWMSFLKHILK",TRUE,TRUE
3309,"GKWMTLLKHILK",TRUE,TRUE
3311,"GKWLSLLKHILK",TRUE,TRUE
3316,"fPFfNQYVXL",TRUE,TRUE
3343,"INLKALAALAKKIL",TRUE,TRUE
3346,"ILPILSLIGGLL",TRUE,TRUE
3348,"SAVGRHGRRFGLRKHRKH",TRUE,TRUE
3353,"IFKAIWSGIKSLF",TRUE,TRUE
3390,"LLGDFFRKSKEK",TRUE,TRUE
3391,"IGKEFKRIVQRIKDFLRNLVPRTES",TRUE,TRUE
3392,"FKRIVQRIKDFLRNLV",TRUE,TRUE
3393,"FKRIVQRIKDFLR",TRUE,TRUE
3394,"LLGDFKRIVQRIKDF",TRUE,TRUE
3395,"FKRiVQRiKDFlRNLV",TRUE,TRUE
3414,"VNWKKILGKIIKVVK",TRUE,TRUE
3415,"VNWKKILAKIIKVVK",TRUE,TRUE
3416,"NVWKKILGKIIKVVK",TRUE,TRUE
3417,"VNWKKILKKIIKVVK",TRUE,TRUE
3419,"VNWKKILPKIIKVVK",TRUE,TRUE
3420,"VNWKKILGKIIKVVK",TRUE,TRUE
3421,"VNWKKILGKIIKVVK",TRUE,TRUE
3428,"vnwkkilGkiikvvk",TRUE,TRUE
3442,"GFGMALKLLKKVL",TRUE,TRUE
3444,"GfGmalkllkkvl",TRUE,TRUE
3445,"AFGMALKLLKKVL",TRUE,TRUE
3446,"LFGMALKLLKKVL",TRUE,TRUE
3447,"GFGMaLKLLKKVL",TRUE,TRUE
3449,"GFKMALKLLKKVL",TRUE,TRUE
3451,"GFGMALKLlKKVL",TRUE,TRUE
3452,"GFGmALKLLKKVL",TRUE,TRUE
3453,"GFGMALXLLXXVL",TRUE,TRUE
3475,"FLGALWNVAKSVF",TRUE,TRUE
3483,"IPPFIKKVLTTVF",TRUE,TRUE
3489,"IFGAIWKGISSLL",TRUE,TRUE
3490,"GILGKLWEGFKSIV",TRUE,TRUE
3491,"FLSTIWNGIKSLL",TRUE,TRUE
3536,"FLPILASLAAKFGPKLFCLVTKKC",TRUE,TRUE
3561,"AILTTLANWARKFL",TRUE,TRUE
3753,"LFRLIKSLIKRLVSAFK",TRUE,TRUE
3785,"IKLSPETKDNLKKVLKGAIKGAIAVAKMV",TRUE,TRUE
3786,"LKIPGFVKDTLKKVAKGIFSAVAGAMTPS",TRUE,TRUE
3787,"IKIPAVVKDTLKKVAKGVLSAVAGALTQ",TRUE,TRUE
3788,"IKIPAFVKDTLKKVAKGVISAVAGALTQ",TRUE,TRUE
3807,"GICRCICGRGICRCICGR",TRUE,TRUE
3808,"GicrcicGrGicrcicGr",TRUE,TRUE
3838,"RWCFRVCYRGICYRKCR",TRUE,TRUE
3839,"RRWCFRVCYKGFCYRKCR",TRUE,TRUE
3867,"QRSVSNAATRVCRTGRSRWRDVCRNFMRR",TRUE,TRUE
3868,"QRSVSNAATRVSRTGRSRWRDVSRNFMRR",TRUE,TRUE
3869,"QRSVSNAATRVCRT",TRUE,TRUE
3870,"RDVCRNFMRR",TRUE,TRUE
3871,"RDVCRNFMRRYQSRVIQGLV",TRUE,TRUE
3872,"QRSVSNAATRVCRTGRSRW",TRUE,TRUE
3873,"GRSRWRDVCRNFMRR",TRUE,TRUE
3874,"GQSQWRDVCRNFMRR",TRUE,TRUE
3884,"FLFSLIPHAIGGLISAFK",TRUE,TRUE
3885,"FPFSLIPHAIGGLISAIK",TRUE,TRUE
3886,"FLFSLIPKAIGGLISAFK",TRUE,TRUE
3889,"FLSLIPHIVSGVASIAKHF",TRUE,TRUE
3893,"LLGMIPLAISAISALSKL",TRUE,TRUE
3894,"GLWSKIKEAAKAAGKAALNAVTGLVNQGDQPS",TRUE,TRUE
3942,"ILGPVLGLVSDTLDDVLGIL",TRUE,TRUE
4107,"KIKIPWGKVKDFLVGGMKAV",TRUE,TRUE
4142,"DSIRDVSPTFNKIRRWFDGLFK",TRUE,TRUE
4143,"KRKCPKTPFDNTPGAWFAHLILGC",TRUE,TRUE
4146,"MQFITDLIKKAVDFFKGLFGNK",TRUE,TRUE
4194,"DSMGAVKLAKLLIDKMKCEVTKAC",TRUE,TRUE
4195,"GFMDTAKNVAKNVAVTLIDKLRCKVTGGC",TRUE,TRUE
4198,"FIHHIIGGLFSVGKHIHSLIHGH",TRUE,TRUE
4213,"FLPAIVGAAAKFLPKIFCAISKKC",TRUE,TRUE
4214,"FLPIIAGIAAKFLPKIFCTISKKC",TRUE,TRUE
4215,"FLPVIAGVAANFLPKLFCAISKKC",TRUE,TRUE
4216,"FLPIIAGAAAKVVQKIFCAISKKC",TRUE,TRUE
4217,"FLPIIAGAAAKVVEKIFCAISKKC",TRUE,TRUE
4218,"GLMDTIKGVAKTVAASWLDKLKCKITGC",TRUE,TRUE
4229,"GFSSIFRGVAKFASKGLGKDLAKLGVDLVACKISKQC",TRUE,TRUE
4275,"GEFLKCGESCVQGECYTPGCSCDWPICKKN",TRUE,TRUE
4276,"GIPCGESCVFIPCITGAIGCSCKSKVCYRN",TRUE,TRUE
4277,"GLPTCGETCTLGTCYVPDCSCSWPICMKN",TRUE,TRUE
4278,"GIPCGESCVFIPCITAAIGCSCKSKVCYRN",TRUE,TRUE
4279,"GIPCGESCVFIPCTVTALLGCSCKDKVCYKN",TRUE,TRUE
4280,"GVPCAESCVWIPCTVTALLGCSCKDKVCYLN",TRUE,TRUE
4282,"GDACGETCFTGICFTAGCSCNPWPTCTRN",TRUE,TRUE
4283,"GIPCAESCVWIPCTITALMGCSCKNNVCYNN",TRUE,TRUE
4284,"GIPCAESCVWIPCTITALXGCSCKNNVCYNN",TRUE,TRUE
4285,"GASCGETCFTGICFTAGCSCNPWPTCTRN",TRUE,TRUE
4286,"IPCGESCVWIPCITAIAGCSCKNKVCYT",TRUE,TRUE
4287,"AIPCGESCVWIPCISTVIGCSCSNKVCYR",TRUE,TRUE
4288,"GEYCGESCYLIPCFTPGCYCVSRQCVNKN",TRUE,TRUE
4289,"IPCGESCVWIPCISGMFGCSCKDKVCYS",TRUE,TRUE
4290,"IPCGESCVWIPCISGXFGCSCKDKVCYS",TRUE,TRUE
4294,"RKGWFKAMKSIAKFIAKEKLKEHL",TRUE,TRUE
4295,"GNPANPLNLKKHHGVFCDVCKALVEGGEKVGDDDLDAWLDVNIGTLCWTMLLPLHHECEEELKKVKKELKKDIENKDSPDKACKDVDLC",TRUE,TRUE
4296,"GSHGAFCHLCEDLIKDGKEAGDVALDVWLDEEIGSRCKDFGVLASECFKELKVAEHDIWEAIDQEIPEDKTCKEAKLC",TRUE,TRUE
4297,"FLSLIPSLVGGSISAFK",TRUE,TRUE
4298,"FLGMIPGLIGGLISAFK",TRUE,TRUE
4299,"FLSLIPKLVKKIIKAFK",TRUE,TRUE
4300,"FLGMIPKLIKKLIKAFK",TRUE,TRUE
4306,"RFRLPFRRPPIRIHPPPFYPPFRRFL",TRUE,TRUE
4321,"YKQCHKKGGHCFPKEKICLPPSSDFGKMDCRWRWKCCKKGSG",TRUE,TRUE
4323,"SQLGDLGSGAGQGGGGGGSIRAAGGAFGKLEAAREEEFFYKKQKEQLERLKNDQIHQAEFHHQQIKEHEEAIQRHKDFLNNLHK",TRUE,TRUE
4328,"VKRFKKFFRKLKKSV",TRUE,TRUE
4360,"ILKKLLSTAAGLLSNL",TRUE,TRUE
4361,"ILGKLLKTAAGLLSNL",TRUE,TRUE
4362,"ILGKLLSTAAKLLSNL",TRUE,TRUE
4363,"ILGKLLSTAAGLLKNL",TRUE,TRUE
4364,"ILGKLLSTAAGLLSKL",TRUE,TRUE
4365,"ILGKLLKTAAKLLSNL",TRUE,TRUE
4366,"ILGKLLSTAAKLLSKL",TRUE,TRUE
4371,"ILGKLLkTAAGLLSNL",TRUE,TRUE
4372,"ILGKLLSTAAkLLSNL",TRUE,TRUE
4373,"ILGKLLSTAAGLLSkL",TRUE,TRUE
4374,"ILGKLLkTAAkLLSNL",TRUE,TRUE
4375,"ILGKLLSTAAkLLSKL",TRUE,TRUE
4386,"GFSSIFRGVAKFASKGLGKKLAKLGVKLVACKISKQC",TRUE,TRUE
4387,"GFSSIFRGVAKFASKGLGKDLAKLGVDLVASKISKQS",TRUE,TRUE
4388,"GFSSIFRGVAKFASKGLGKDLAKLGVDLVA",TRUE,TRUE
4389,"RGVAKFASKGLGKDLAKLGVDLVACKISKQC",TRUE,TRUE
4390,"KFASKGLGKDLAKLGVDLVACKISKQC",TRUE,TRUE
4393,"ILGAILPLVSGLLSNKL",TRUE,TRUE
4394,"GLLDTLKGAAKNVVGSLASKVMEKL",TRUE,TRUE
4396,"LKLSPKTKDTLKKVLKGAIKGAIAIASMA",TRUE,TRUE
4405,"IKIPSFFRNILKKVGKEAVSLIAGALKQS",TRUE,TRUE
4406,"GIFPIFAKLLGKVIKVASSLISKGRTE",TRUE,TRUE
4407,"IKLSPkTKkNLKKVLKGAIKGAIAVAKMV",TRUE,TRUE
4418,"FLPILASLAAKFGPKLFSLVTKKS",TRUE,TRUE
4419,"FLPILASLAAKFGPKLFXLVTKKX",TRUE,TRUE
4420,"IKLSKETKDNLKKVLKGAIKGAIAVAKMV",TRUE,TRUE
4421,"IKLSPKTKDNLKKVLKGAIKGAIAVAKMV",TRUE,TRUE
4422,"IKLSPETKKNLKKVLKGAIKGAIAVAKMV",TRUE,TRUE
4423,"IKLSKKTKDNLKKVLKGAIKGAIAVAKMV",TRUE,TRUE
4424,"IKLSKETKKNLKKVLKGAIKGAIAVAKMV",TRUE,TRUE
4425,"IKLSPKTKKNLKKVLKGAIKGAIAVAKMV",TRUE,TRUE
4426,"IKLSPkTKDNLKKVLKGAIKGAIAVAKMV",TRUE,TRUE
4427,"IKLSPETKkNLKKVLKGAIKGAIAVAKMV",TRUE,TRUE
4458,"XLPICGETCVLGTCYTPGCRCQYPICVR",TRUE,TRUE
4459,"XLPICGETCVLGRCYTPNCRCQYPICVR",TRUE,TRUE
4460,"XAFCGETCLLGKCYTPGCSCHTGICLK",TRUE,TRUE
4461,"XAFCGETCLLGTCYTPGCRCTAGICLK",TRUE,TRUE
4462,"XLPICGETCVLGTCYTPGCSCAYPICAR",TRUE,TRUE
4463,"XLPICGETCVLGTCYTPGCSCAYPICVR",TRUE,TRUE
4464,"XAFCGETCVLGTCYTPGCSCNFGICLK",TRUE,TRUE
4465,"XDCGETCVLGTCYTPGCSCSAYPLCV",TRUE,TRUE
4466,"RCLPAGKTCVRGPMRVPCCGSCSQNKCT",TRUE,TRUE
4467,"ACGILHDNCVYVPAQNPCCRGLQCRYGKCLVQV",TRUE,TRUE
4477,"RVRRFWPLVPVAINTVAAGINLYKAIRRK",TRUE,TRUE
4478,"LVQRGRFGRFLKKVRRFIPKVIIAAQIGSRFG",TRUE,TRUE
4499,"kklallalkkwllalkklallalkk",TRUE,TRUE
4500,"kklallalkkwlpalkklallalkk",TRUE,TRUE
4501,"kklalalakkwlalakklalalakk",TRUE,TRUE
4502,"kklalalakkwlplakklalalakk",TRUE,TRUE
4503,"kklalhalkkwlhalkklahlalkk",TRUE,TRUE
4524,"FLGALFHALSKLL",TRUE,TRUE
4525,"FLGALFKALSHLL",TRUE,TRUE
4526,"FLGALFHALSHLL",TRUE,TRUE
4544,"FVDLKKIANIINSIFGK",TRUE,TRUE
4545,"FSGGNCRGFRRRCFCTK",TRUE,TRUE
4584,"KWLRRVWRWWR",TRUE,TRUE
4593,"GIIKKIIKKI",TRUE,TRUE
4594,"GIIKKIIKKIIKKI",TRUE,TRUE
4595,"GIIKKIIKKIIKKIIKKI",TRUE,TRUE
4693,"IKFEPPLPPKKAH",TRUE,TRUE
4694,"KKFWEDDG",TRUE,TRUE
4695,"IYYPPNHNFP",TRUE,TRUE
4703,"KWKSFLkTFKSLKKTVLHTLLKAISS",TRUE,TRUE
4705,"KWKSFLKTFKSLKkTVLHTLLKAISS",TRUE,TRUE
4707,"KWKSFLKTFKSLKKTVLHTLLkAISS",TRUE,TRUE
4710,"KWKSFLkTFKSLKkTVLHTLLKAISS",TRUE,TRUE
4711,"KWKSFLKTFKSLKkTVLHTLLkAISS",TRUE,TRUE
4712,"KWKSFLkTFKSLKkTVLHTLLkAISS",TRUE,TRUE
4713,"KWKSFLkTFkSLKkTVLHTLLkAISS",TRUE,TRUE
4714,"KWkSFLkTFkSLKkTVLHTLLkAISS",TRUE,TRUE
4715,"kWkSFLkTFkSLKkTVLHTLLkAISS",TRUE,TRUE
4716,"KWKSFlKTFKSLKKTVLHTLLKAISS",TRUE,TRUE
4717,"KWKSFLKTFKSlKKTVLHTLLKAISS",TRUE,TRUE
4718,"KWKSFLKTFKSLKKTVLHTlLKAISS",TRUE,TRUE
4719,"KWKSFlKTFKSlKKTVLHTLLKAISS",TRUE,TRUE
4720,"KWKSFLKTFKSlKKTVLHTlLKAISS",TRUE,TRUE
4721,"KWKSFlKTFKSlKKTVLHTlLKAISS",TRUE,TRUE
4722,"KWKSFlKTFKSlKKTVlHTlLKAISS",TRUE,TRUE
4723,"KWKSFlKTFKSlKKTVlHTllKAISS",TRUE,TRUE
4726,"NGVQPKY",TRUE,TRUE
4756,"RGGGLCYCRRRFCVCVGR",TRUE,TRUE
4757,"RGGRLCYCRGWICFCVGR",TRUE,TRUE
4806,"ILPWKWPWWPWRR",TRUE,TRUE
4836,"ILPWKWPWWPWKK",TRUE,TRUE
4876,"XGLXGGLXGIX",TRUE,TRUE
4900,"GFKKLLKGAAKALVKTVLF",TRUE,TRUE
4906,"GFKDLLKKAAKALVKTVLF",TRUE,TRUE
4907,"GFKDLLKGAKKALVKTVLF",TRUE,TRUE
4908,"GFKDLLKGAAKALKKTVLF",TRUE,TRUE
4910,"GFKDLLKGAAKALVKTVKF",TRUE,TRUE
4911,"GFKDLLKkAAKALVKTVLF",TRUE,TRUE
4912,"GFKDLLKGAkKALVKTVLF",TRUE,TRUE
4913,"GFKDLLKGAAKALkKTVLF",TRUE,TRUE
4915,"GFKDLLKGAAKALVKTVkF",TRUE,TRUE
4918,"GFKDLLKGAAKALVKAVLF",TRUE,TRUE
4935,"FLPLLASLFSRLF",TRUE,TRUE
4984,"LKLFKKILKFL",TRUE,TRUE
4987,"LKLFKKILKYL",TRUE,TRUE
5000,"KWKKLLKKLLKLLKKLLK",TRUE,TRUE
5014,"KFLGTLVNLAKKIL",TRUE,TRUE
5044,"KKLFKKGLKFL",TRUE,TRUE
5048,"KILRGVSKKIMRTFLRRISKDILTGKK",TRUE,TRUE
5049,"KILRGVSKKIMRTFLRR",TRUE,TRUE
5050,"KKIMRTFLRR",TRUE,TRUE
5051,"KKIMRTFLRRISKDILTGKK",TRUE,TRUE
5052,"KKIMRTFLRRISKKILTGKK",TRUE,TRUE
5053,"KILGVSKKIMRRISKDILTGKK",TRUE,TRUE
5054,"KISKKIMRTFLRRILTGKK",TRUE,TRUE
5055,"KILRGVSKKIMRRILTGKK",TRUE,TRUE
5056,"RILRGVSRRIMRRILTGRR",TRUE,TRUE
5057,"KILRGVSKRILTGKK",TRUE,TRUE
5058,"KILGVSKRILTGKK",TRUE,TRUE
5059,"KISKKIMRTFLRR",TRUE,TRUE
5135,"VRRFPWWWPFLRR",TRUE,TRUE
5136,"VKKFPWWWPFLKK",TRUE,TRUE
5137,"VRRFAWWWAFLRR",TRUE,TRUE
5138,"VRRFPYYYPFLRR",TRUE,TRUE
5141,"VRRFPFFFPFLRR",TRUE,TRUE
5142,"VRRFAWWWPFLRR",TRUE,TRUE
5143,"VRRFPWWWAFLRR",TRUE,TRUE
5147,"KWKLFKKIGIGKFLHSAKKF",TRUE,TRUE
5151,"KWKLFKKIPKFLHSAKKF",TRUE,TRUE
5204,"KWKLFKKILKFLHLAKKF",TRUE,TRUE
5205,"WKLFKKIPKFLHLAKKF",TRUE,TRUE
5206,"KWFKKIPKFLHLAKKF",TRUE,TRUE
5207,"WFKKIPKFLHLAKKF",TRUE,TRUE
5209,"WKKIPKFLHLAKKF",TRUE,TRUE
5211,"KWKLFKKIPKFLHLAKK",TRUE,TRUE
5213,"KWKLFKKIPKFLHLAK",TRUE,TRUE
5215,"KWKLFKKIPKFLHLA",TRUE,TRUE
5216,"KWKLFKKIPKFLHL",TRUE,TRUE
5218,"KWKLFKKIPKFLH",TRUE,TRUE
5219,"KWKKLLKKXLKLLKKLLK",TRUE,TRUE
5220,"KWKKLLKKLXKLLKKLLK",TRUE,TRUE
5221,"KWKKLLKKLLXLLKKLLK",TRUE,TRUE
5222,"KWKKLLKKXLKLXKKLLK",TRUE,TRUE
5223,"KWKKLLXKLLXLLKKLLK",TRUE,TRUE
5225,"KWKLFKKISKFLHLAKKF",TRUE,TRUE
5236,"GLPVCGETCFGGTCNTPGCSCTWPICTRD",TRUE,TRUE
5238,"GLPVCGETCTLGTCYTQGCTCSWPICKRN",TRUE,TRUE
5243,"RRIRPRPPRLPRPRPRPLPFPRPGPRPIPRPLPFP",TRUE,TRUE
5248,"RRIRPRPPRLPRPRPR",TRUE,TRUE
5270,"FKLFKKIPKFLHLAKKF",TRUE,TRUE
5271,"KWFKKIPKFLHLLKKF",TRUE,TRUE
5272,"WFKKIPKFLHLLKKF",TRUE,TRUE
5273,"WKKIPKFLHLLKKF",TRUE,TRUE
5274,"KWKLFKKIPFLHLAKKF",TRUE,TRUE
5275,"KWKLFKKIPLHLAKKF",TRUE,TRUE
5276,"KWKLFKKIPHLAKKF",TRUE,TRUE
5279,"KWKLFKKIPLAKKF",TRUE,TRUE
5280,"KWKLFKKIPLKKF",TRUE,TRUE
5344,"WLRRIGKGVKIIGGAALDHL",TRUE,TRUE
5349,"RWKIFKKIEKMGRNIRDGIVKAGPAIEVLGSAKAI",TRUE,TRUE
5368,"GIGKFLHSAKKFGKAFVGEIMNS",TRUE,TRUE
5369,"GLVGTLLGHIGKAILG",TRUE,TRUE
5370,"GLVGTLLGHIGKAILS",TRUE,TRUE
5371,"GLVGTLLGHIGKAILG",TRUE,TRUE
5374,"WaXVlL",TRUE,TRUE
5383,"KRFKKFFKKVKKSVKKRLKKIFKKPMVIGVTIPF",TRUE,TRUE
5396,"KRFKKFFKKLKNSVKKRAKKFFKKPKVIGVTFPF",TRUE,TRUE
5449,"ELLVDLL",TRUE,TRUE
5450,"ELLVDLL",TRUE,TRUE
5451,"ELLVDLL",TRUE,TRUE
5499,"AGYLLGKINLKALAALAKKIL",TRUE,TRUE
5507,"EL",TRUE,TRUE
5511,"XLLL",TRUE,TRUE
5514,"ELLL",TRUE,TRUE
5588,"XCRRLCYKQRCVTYCRGR",TRUE,TRUE
5633,"GXRKXHKXWA",TRUE,TRUE
5634,"GXRKXKAXWH",TRUE,TRUE
5721,"ILPIRSLIKKLL",TRUE,TRUE
5722,"FLPLKKLRFGLL",TRUE,TRUE
5741,"KKLLPIVANLLKSLL",TRUE,TRUE
5815,"GLPVCGETCFGGTCNTPGCTCDPWPVCTRN",TRUE,TRUE
5835,"RRSRRGRGGGRRGGSGGRGGRGGGGRSGAGSSIAGVGSRGGGGGRHYA",TRUE,TRUE
5840,"LLRHVVKILEKYL",TRUE,TRUE
5841,"GFLDIIKDTGKEFAVKILNNLKCKLAGGCPP",TRUE,TRUE
5850,"MEKKSFAGLCFLFLVLFVAQECVLQTEAKTCENLADTFRGPCFATGNCDDHCKNKEHLLRGRCRDDFRCWCTRNC",TRUE,TRUE
5882,"RSMRLSFRARGYGFR",TRUE,TRUE
5973,"GRFKRFRKKFKKLFKKLSPVIPLLHL",TRUE,TRUE
5980,"TWWRWW",TRUE,TRUE
5985,"KWRWIW",TRUE,TRUE
5989,"KWWWRW",TRUE,TRUE
5990,"WRWFIH",TRUE,TRUE
6070,"GFKRIVQRIKDFLRNLV",TRUE,TRUE
6088,"KWCFRVCYRGICYRKCR",TRUE,TRUE
6090,"fPFfNQYVKL",TRUE,TRUE
6091,"fPWfNQYVXL",TRUE,TRUE
6092,"fPWfNQYVKL",TRUE,TRUE
6093,"fPWwNQYVXL",TRUE,TRUE
6094,"fPWwNQYVKL",TRUE,TRUE
6133,"YPLPFIP",TRUE,TRUE
6134,"YPLPFIP",TRUE,TRUE
6157,"FP",TRUE,TRUE
6158,"PF",TRUE,TRUE
6159,"WP",TRUE,TRUE
6160,"PW",TRUE,TRUE
6161,"WF",TRUE,TRUE
6162,"FW",TRUE,TRUE
6166,"GIMDTIKGAAKDLAGQLLDKLKCKITKC",TRUE,TRUE
6167,"FLGAIAGVAAKFLPKVFCFITKKC",TRUE,TRUE
6168,"FLPLIAGVAANFLPKIFCLISKKC",TRUE,TRUE
6169,"FLPVIASVAAKVLPKVFCFITKKC",TRUE,TRUE
6170,"FLPLIAGVAASILPKIFCFITKKC",TRUE,TRUE
6203,"RQIKIWFQNRRMKWKK",TRUE,TRUE
6216,"AISYGNGVYCNKEKCWVNKAENKQAITGIVIGGWASSLAGMGH",TRUE,TRUE
6227,"VNYGNGVSCSKTKCSVNWGQAFQERYTAGINSFVSGVASGAGSIGRRP",TRUE,TRUE
6282,"KWXWKXVKXAK",TRUE,TRUE
6283,"KAXWKXVKXAK",TRUE,TRUE
6284,"KWXWKXAKXAK",TRUE,TRUE
6333,"QSHLSMCSVCCNCCKNYKGCGFCCRF",TRUE,TRUE
6334,"MGSSHHHHHHSSGLVPRGSHMIPVNGVTELEEAASNDTPVAARHEMSMQSWMMPNHIREKRQSHLSMCSVCCNCCKNYKGCGFCCRF",TRUE,TRUE
6543,"RPPQFTRAQWFAIQHISLNPPRSTIAMRAINNYRWRSKNQNTFLR",TRUE,TRUE
6694,"MAKEFGIPAAVAGTVLNVVEAGGWVTTIVSILTAVGSGGLSLLAAAGRESIKAYLKKEIKKKGKRAVIAW",TRUE,TRUE
6701,"FVDLKKIANIINSIF",TRUE,TRUE
6703,"FLPLLLSALPSFLCLVFKKC",TRUE,TRUE
6733,"yf",TRUE,TRUE
6741,"pF",TRUE,TRUE
6742,"PF",TRUE,TRUE
6745,"LP",TRUE,TRUE
6782,"VXVXXVXVXTVX",TRUE,TRUE
6783,"VXVXXVXVXTVX",TRUE,TRUE
6794,"LV",TRUE,TRUE
6796,"pf",TRUE,TRUE
6825,"KRIVQRIKDFLR",TRUE,TRUE
6829,"KRIVKLIKKWLR",TRUE,TRUE
6830,"KRIVKLILKWLR",TRUE,TRUE
6840,"LIAGLAANFLPQILCKIARKC",TRUE,TRUE
6841,"RRLFRRILRWL",TRUE,TRUE
6842,"RRLFRRILRYL",TRUE,TRUE
6855,"KLAKLAKKLAKLAK",TRUE,TRUE
6856,"klaklakklaklak",TRUE,TRUE
7009,"DKPKKKPPPPAGPPPPPPPPPGPPPPGP",TRUE,TRUE
7041,"WKWLKKWIK",TRUE,TRUE
7042,"ILRWKWRWWRWRR",TRUE,TRUE
7043,"ILPWKWRWWKWRR",TRUE,TRUE
7045,"RWRRKWWWW",TRUE,TRUE
7046,"WRKFWKYLK",TRUE,TRUE
7047,"KRWWKWWRR",TRUE,TRUE
7048,"RRWWKWWWR",TRUE,TRUE
7049,"RLWWWWRRK",TRUE,TRUE
7050,"KWKWWWRKI",TRUE,TRUE
7051,"RIRRWKFRW",TRUE,TRUE
7052,"RLKRWWKFL",TRUE,TRUE
7053,"RWWRWRKWW",TRUE,TRUE
7055,"KRWWWWRFR",TRUE,TRUE
7057,"KRWWRKWWR",TRUE,TRUE
7058,"RRWWRWVVW",TRUE,TRUE
7061,"WFKMRWWGR",TRUE,TRUE
7063,"KFKWWRMLI",TRUE,TRUE
7064,"FIKWKFRWWKWRK",TRUE,TRUE
7065,"RIKRWWWWR",TRUE,TRUE
7066,"RWRWWWRVY",TRUE,TRUE
7067,"HQFRFRFRVRRK",TRUE,TRUE
7068,"LKRRWKWWI",TRUE,TRUE
7069,"RRRIKIRWY",TRUE,TRUE
7070,"RLWWKIWLK",TRUE,TRUE
7071,"KRRWRIWLV",TRUE,TRUE
7072,"FFIYVWRRR",TRUE,TRUE
7073,"IRMRIRVLL",TRUE,TRUE
7074,"RWWRKIWKW",TRUE,TRUE
7075,"LRFILWWKR",TRUE,TRUE
7076,"RWWIRIRWH",TRUE,TRUE
7077,"RRRWWKLMM",TRUE,TRUE
7078,"LRRWIRIRW",TRUE,TRUE
7079,"RKFRWWVIR",TRUE,TRUE
7080,"WKIVFWWRR",TRUE,TRUE
7081,"RQRRVVIWW",TRUE,TRUE
7082,"RRWRVIVKW",TRUE,TRUE
7083,"RRWKIVVIRWRR",TRUE,TRUE
7084,"RLWRIVVIRVKR",TRUE,TRUE
7085,"RLRRIVVIRVFR",TRUE,TRUE
7086,"VRLRIRVRVIRK",TRUE,TRUE
7087,"RRYHWRIYI",TRUE,TRUE
7088,"RKWKIKWYW",TRUE,TRUE
7089,"YRLRVKWKW",TRUE,TRUE
7090,"WKWRVRVTI",TRUE,TRUE
7091,"RTKKWIVWI",TRUE,TRUE
7092,"NWRKLYRRK",TRUE,TRUE
7095,"YKFRWRIYI",TRUE,TRUE
7096,"KRKKRFKWW",TRUE,TRUE
7110,"VQRWLIVWRIRK",TRUE,TRUE
7114,"FPVTWKWWKWWKG",TRUE,TRUE
7117,"FRVTWRTKWWKG",TRUE,TRUE
7120,"KPKGMTSSQWFKIQHMQPSPQASNSAMKNINKHTKRSKDLNTFLH",TRUE,TRUE
7131,"WP",TRUE,TRUE
7132,"WY",TRUE,TRUE
7133,"WI",TRUE,TRUE
7134,"WL",TRUE,TRUE
7135,"WF",TRUE,TRUE
7143,"RFRRLRKKTRKRLKKI",TRUE,TRUE
7145,"RFRRLRWKTRWRLKKI",TRUE,TRUE
7157,"WLlXNG",TRUE,TRUE
7158,"WLlVNG",TRUE,TRUE
7159,"WLvXNG",TRUE,TRUE
7160,"WLxXNG",TRUE,TRUE
7161,"WLlXNx",TRUE,TRUE
7162,"WLlVNx",TRUE,TRUE
7163,"WLRRIKAWLRR",TRUE,TRUE
7164,"WLRRIKAWLRRIKA",TRUE,TRUE
7181,"GKPRXYSPRPTSHPRPIRV",TRUE,TRUE
7206,"XKPRXYTPRPTSHPRPIRV",TRUE,TRUE
7386,"GLFDVIKKVASVIGGL",TRUE,TRUE
7484,"VDKPPYLPRPRPPRRIYNR",TRUE,TRUE
7485,"GFCWNVCVYRNGVRVCHRRCN",TRUE,TRUE
7486,"GFCWYVCVYRNGVRVCYRRCN",TRUE,TRUE
7487,"VDKPPYLPRPRPPRXIYNX",TRUE,TRUE
7557,"KGCALVKVRGLTLKVCK",TRUE,TRUE
7558,"KWCRKWQWRGVKFIKCV",TRUE,TRUE
7559,"HKCAKIKWRGVHVKYCA",TRUE,TRUE
7581,"NGVQPKYKWWKWWKKWW",TRUE,TRUE
7582,"NGVQPKYRWWRWWRRWW",TRUE,TRUE
7639,"KESRAKKFQRQHMDSDSSPSSSSTYSNQMMRRRNMTQGRSKPVNTFVH",TRUE,TRUE
7640,"KPPQFTWAQWFETQHINMTSQQSTNAMQVINNYQRRSKNQNTFLL",TRUE,TRUE
7642,"QDGMYQRFLRQHVHPEETGGSDRYSNLMMQRRKMTLYHSKRFNTFIH",TRUE,TRUE
7643,"QDNSRYTHFLTQHYDAKPQGRDDRYSESIMRRRGLTSPSKDINTFIH",TRUE,TRUE
7644,"WPKRLTKAHWFEIQHIQPSPLQSNRAMSGINNYTQHSKHQNTFLH",TRUE,TRUE
7645,"KPKDMTSSQWFKTQHVQPSPQASNSAMSIINKYTERSKDLNTFLH",TRUE,TRUE
7651,"RAGLQFPVGRVHRLLRK",TRUE,TRUE
7654,"VIHRAGLQFPVGRVHRLLRK",TRUE,TRUE
7699,"KFFKKLKNSVKKRAKKFFKKPRVIGVSIPF",TRUE,TRUE
7713,"RCpGRTRQIGTIFpGRIKCRSW",TRUE,TRUE
7741,"XKLXGGLXGIX",TRUE,TRUE
7742,"XKLXGGLXGIL",TRUE,TRUE
7743,"XKLXGGLXGIL",TRUE,TRUE
7744,"XGLXGKLXGIX",TRUE,TRUE
7745,"XGLXGKLXGIL",TRUE,TRUE
7746,"XGLXGGLXKIX",TRUE,TRUE
7765,"RFRRLRKKIRKRLKKI",TRUE,TRUE
7766,"RFRRLRKKKRKRLKKI",TRUE,TRUE
7767,"RFRRLRKKFRKRLKKI",TRUE,TRUE
7768,"RFRRLRKKWRKRLKKI",TRUE,TRUE
7769,"KKVVFWVKFK",TRUE,TRUE
7775,"G",TRUE,TRUE
7776,"P",TRUE,TRUE
7779,"H",TRUE,TRUE
7781,"GG",TRUE,TRUE
7783,"G",TRUE,TRUE
7785,"P",TRUE,TRUE
7787,"H",TRUE,TRUE
7790,"GG",TRUE,TRUE
7791,"GP",TRUE,TRUE
7826,"VXXFPWWWPFLXX",TRUE,TRUE
7829,"VXXFPWWWPFLXX",TRUE,TRUE
7831,"VXXFPWWWPFLXX",TRUE,TRUE
7842,"KWKVFKKIEKMGRNIRNGIVKAGPKWKVFKKIEK",TRUE,TRUE
7855,"xISqiIStAXI",TRUE,TRUE
7862,"CVLIGQRCDNDRGPRCCSGQGNCVPLPFLGGVCAV",TRUE,TRUE
7909,"VDKPPYLPRPRPPRrIYNr",TRUE,TRUE
7925,"KGK",TRUE,TRUE
7927,"KGK",TRUE,TRUE
7946,"KGK",TRUE,TRUE
7948,"KGK",TRUE,TRUE
7972,"KKK",TRUE,TRUE
7973,"KKK",TRUE,TRUE
7974,"KKK",TRUE,TRUE
7988,"KKK",TRUE,TRUE
7994,"GXFKKTFHKVSHAVKSGIHAGQRGCSALGF",TRUE,TRUE
8057,"KWKVFKKIEKKWKVFKKIEKAGPKWKVFKKIEK",TRUE,TRUE
8061,"kQrWlWlW",TRUE,TRUE
8062,"LALERRSGWLRLFGLKPRRKH",TRUE,TRUE
8063,"NFAEIFAAVNKLIKQGVVKG",TRUE,TRUE
8064,"ILPIIGKILSTIFGK",TRUE,TRUE
8065,"GLLSVFKGVLKTAGKNVAKNVAGSLLDQLKCKISGGC",TRUE,TRUE
8066,"GLWDSIKNFGKTIALNVMDKIKCKIGGGCPP",TRUE,TRUE
8070,"LLCIALRKK",TRUE,TRUE
8107,"YPFX",TRUE,TRUE
8109,"RRRRWWWW",TRUE,TRUE
8128,"LRLKSIVSYAKKVL",TRUE,TRUE
8151,"FLFSLIPSVIAGLVSAIRN",TRUE,TRUE
8152,"FLFSLIPSAIAGLVSAIRN",TRUE,TRUE
8153,"FLFKLIPKVIKGLVKAIRK",TRUE,TRUE
8154,"FLFKLIPKAIKGLVKAIRK",TRUE,TRUE
8157,"KFFKRLLKSVRRAVKKFRKKPRLIGLSTLL",TRUE,TRUE
8170,"ATCDLLSPFKVGHAACAAHCIARGKRGGWCDKRAVCNCRK",TRUE,TRUE
8199,"FFSLIPSLVGGLISAFK",TRUE,TRUE
8203,"FLKGIVGMLGKLF",TRUE,TRUE
8212,"RWKIFKKIPKFLHSAKKF",TRUE,TRUE
8213,"RWKIFKKIXKFLHSAKKF",TRUE,TRUE
8278,"HLNKRVQRELIGWLDWLK",TRUE,TRUE
8286,"KGIRGYKGGYCKGAFKQTCKCY",TRUE,TRUE
8287,"KGIRGYKGGYKGAFKQTKY",TRUE,TRUE
8335,"VPAESEAAHLRVRRGFGCPLNQGACHNHCRSIRRRGGYCSGIIKQTCTCYRN",TRUE,TRUE
8372,"ELLVDLL,ELLVDLL",TRUE,TRUE
8386,"KWKSFAKTFKSAKKTVAHTALKAISS",TRUE,TRUE
8520,"GXRKXHKXWAK,GXRKXHKXWA",TRUE,TRUE
8767,"DEDDD",TRUE,TRUE
8795,"HTASDAAAAAALTAANAAAAAAASMA",TRUE,TRUE
8797,"RQIKIWFQNRRLKWKK",TRUE,TRUE
8798,"RQIRIWFQNRRMRWRR",TRUE,TRUE
8799,"KQIKIWFQNKKMKWKK",TRUE,TRUE
8800,"KIWFQNRRMKWKK",TRUE,TRUE
8801,"RIWFQNRRMRWRR",TRUE,TRUE
8802,"KIWFQNKKMKWKK",TRUE,TRUE
8803,"FQNRRMKWKK",TRUE,TRUE
8804,"RWFKIQMQIRRWKNKK",TRUE,TRUE
8805,"RWFKIQLQIRRWKNKK",TRUE,TRUE
8806,"KWFKIQLQIKKWKNKK",TRUE,TRUE
8807,"RWFRIQLQIRRWRNRR",TRUE,TRUE
8811,"VARGWKRKCPLFGKGG",TRUE,TRUE
8812,"WRRRRRRRR",TRUE,TRUE
8813,"GRKKRRQRRRPPQ",TRUE,TRUE
8814,"LAAKLTKAATKLTAALTKLAAALT",TRUE,TRUE
8864,"GILGKLWEGVKSIF",TRUE,TRUE
8871,"GIGAVLKVLTTGLPALKSWIKRKRQQ",TRUE,TRUE
8872,"IIGAVLKVLTTGLPALISWIKRKRQQ",TRUE,TRUE
8873,"GWWRRTVDKVRNAGRKVAGFASKACGALGH",TRUE,TRUE
8880,"VRRFPXXXPFLRR",TRUE,TRUE
8881,"VRRFPXWWPFLRR",TRUE,TRUE
8882,"VRRFPWXWPFLRR",TRUE,TRUE
8883,"VRRFPWWXPFLRR",TRUE,TRUE
8920,"PMLRVRLASHLRKLRKRLLR",TRUE,TRUE
8921,"LRVRLASHLRKLRKRLLR",TRUE,TRUE
8930,"MPRRRRSSSRPVRRRRRPRVSRRRRRRGGRRR",TRUE,TRUE
8931,"KRKILILIKRK",TRUE,TRUE
8932,"KRKILILILIL",TRUE,TRUE
8933,"ILILILILKRK",TRUE,TRUE
8934,"KRKILILIGSG",TRUE,TRUE
8935,"GSGILILIKRK",TRUE,TRUE
8936,"KRKSGSGSKRK",TRUE,TRUE
8966,"KRKRKILILIKRK",TRUE,TRUE
8967,"RKRKILILIKRK",TRUE,TRUE
8968,"RKILILIKRK",TRUE,TRUE
8969,"KILILIKRK",TRUE,TRUE
8970,"ILILIKRK",TRUE,TRUE
8971,"LILIKRK",TRUE,TRUE
8972,"ILIKRK",TRUE,TRUE
8973,"LIKRK",TRUE,TRUE
9012,"LKAAAAAAKLAAKAAKAALKAAAAAAKL",TRUE,TRUE
9109,"FLKGIKGMLGKLF",TRUE,TRUE
9110,"FLKGIVGKLGKLF",TRUE,TRUE
9111,"FLKGIVGMLGKLL",TRUE,TRUE
9112,"FLKGIKGMLGKLL",TRUE,TRUE
9113,"FLKGIVGMLGKLW",TRUE,TRUE
9116,"KRKILILIKRKRK",TRUE,TRUE
9117,"KRKILILIKRKR",TRUE,TRUE
9118,"KRKILILIKR",TRUE,TRUE
9119,"KRKILILIK",TRUE,TRUE
9120,"KRKILILI",TRUE,TRUE
9121,"KRKILIL",TRUE,TRUE
9122,"KRKILI",TRUE,TRUE
9123,"KRKIL",TRUE,TRUE
9135,"KRKILILILIKRK",TRUE,TRUE
9136,"KRKLILIKRK",TRUE,TRUE
9137,"KRKILIKRK",TRUE,TRUE
9138,"KRKLIKRK",TRUE,TRUE
9139,"KRKIKRK",TRUE,TRUE
9140,"KRKKRK",TRUE,TRUE
9141,"KRKGKRK",TRUE,TRUE
9142,"KRKGSGKRK",TRUE,TRUE
9161,"RKRKLILILIKRKR",TRUE,TRUE
9162,"KRKLILKRILIKRK",TRUE,TRUE
9163,"RKLILKRKRILIKR",TRUE,TRUE
9164,"KLILKRKRKRILIK",TRUE,TRUE
9165,"LILKRKRKRKRILI",TRUE,TRUE
9166,"RRRIIIIIRRR",TRUE,TRUE
9167,"KKKIIIIIKKK",TRUE,TRUE
9168,"RRRLLLLLRRR",TRUE,TRUE
9169,"KKKLLLLLKKK",TRUE,TRUE
9170,"RRRVVVVVRRR",TRUE,TRUE
9171,"KKKVVVVVKKK",TRUE,TRUE
9172,"RRRFFFFFRRR",TRUE,TRUE
9173,"KKKFFFFFKKK",TRUE,TRUE
9174,"KKKIIIIIIKKK",TRUE,TRUE
9179,"GMWSKIKETAMAAAKEAAKAAGKTISDMIKQ",TRUE,TRUE
9180,"GMWSKIKNAGKAAAKAAAKAAGKAALDAVSEAI",TRUE,TRUE
9190,"RGSALTHLP",TRUE,TRUE
9310,"KKKFPWWWPFKKK",TRUE,TRUE
9312,"KKKFPWWWPFKKKC,KKKFPWWWPFKKKC",TRUE,TRUE
9315,"KKKFPWWWPFKKK,KKKFPWWWPFKKKK",TRUE,TRUE
9316,"GXRKXHKXWA",TRUE,TRUE
9317,"GFRKFHKFWA",TRUE,TRUE
9344,"TVVRRRGRSPRRRTPSPRRRRSQSPRRRRSQSRESQC",TRUE,TRUE
9443,"RRWQWR",TRUE,TRUE
9466,"FLSLIPHIVSGVASLAKHF",TRUE,TRUE
9468,"FLSMIPHIVSGVAALAKHL",TRUE,TRUE
9469,"FLPAALAGIGGILGKLF",TRUE,TRUE
9485,"ffflsrif",TRUE,TRUE
9486,"firslfff",TRUE,TRUE
9487,"FIRSLFFF",TRUE,TRUE
9488,"FFFLRRIF",TRUE,TRUE
9494,"INLKILARLAKKIL",TRUE,TRUE
9496,"GFXGXKKXGXFXGXGKKXKKKK",TRUE,TRUE
9498,"GFXGXRXGXFXGXGRXRRRR",TRUE,TRUE
9499,"GFXGXXXGXFXGXGXXXXXX",TRUE,TRUE
9500,"GFXGXXXGXFXGXGXXXXXX",TRUE,TRUE
9505,"GFXGXKXGXFXGXGKXKKKK",TRUE,TRUE
9506,"GFXGXRXGXFXGXGRXRRRR",TRUE,TRUE
9507,"GFXGXKXGXFXGXGKXKKKK",TRUE,TRUE
9509,"GFXGXKXGXFXGXGKXKKKK",TRUE,TRUE
9510,"GFXGXKXGXFXGXGKXKKKK",TRUE,TRUE
9511,"KKKKGFXGXKXGXFXGXGKX",TRUE,TRUE
9513,"XFFLSRIF",TRUE,TRUE
9516,"FXFLRRIF",TRUE,TRUE
9529,"ACVNQCPDAIDRFIVKDKGCHGVEKKYYKQVYVACMNGQHLYCRTEWGGPCQL",TRUE,TRUE
9531,"ILSLRWRWKWWKK",TRUE,TRUE
9532,"ILSLRWWRKWWKK",TRUE,TRUE
9533,"ILSLRWRWWKWKK",TRUE,TRUE
9534,"IRKLKSWKWLRWL",TRUE,TRUE
9535,"KRFKKFFKKVKKSV",TRUE,TRUE
9549,"KKRLKKIFKKPMVIGVTIPF",TRUE,TRUE
9588,"WKWLKKWIK",TRUE,TRUE
9589,"KWRRWIRWL",TRUE,TRUE
9619,"XWXWXRPVYXPRPRPPHPRL",TRUE,TRUE
9620,"XWXWXWXRPVYXPRPRPPHPRL",TRUE,TRUE
9621,"XIXIXRPVYXPRPRPPHPRL",TRUE,TRUE
9622,"XIXIXIXRPVYXPRPRPPHPRL",TRUE,TRUE
9675,"KRMGIFHLFWAGLRKLGNLIKNKIQQGIENFLG",TRUE,TRUE
9676,"KRIGLIRLIGKILRGLRRLG",TRUE,TRUE
9677,"KRIRFFERIRDRLRDLGNRIKNRIRDFFS",TRUE,TRUE
9678,"TFKRKNGSRKNGHRPGGYSLIALGNKKVLKAPYMESI",TRUE,TRUE
9679,"KREDFLDQIIRDFRNFIYQKYRRLRDEFRKLRDILSG",TRUE,TRUE
9680,"GIKHILFMAKTKLPRATCTAEIKENCDRKK",TRUE,TRUE
9703,"KWKSFLKTFKSAEKTVLHTALKAISS",TRUE,TRUE
9705,"FIFHIIKGLFHAGKMIHGLVTRRRHGVEELQDLDQRAFEREKAFA",TRUE,TRUE
9731,"VDKPPYLPRPRPXRXIYNX",TRUE,TRUE
9732,"VDKPPYLPRPRPPRXXYNX",TRUE,TRUE
9733,"VDKPPYLPRPRPXRXXYNX",TRUE,TRUE
9736,"MQFITDLIKKAVDFFKGLFDNK",TRUE,TRUE
9737,"MQFITDLIKKAVDVFKGLFGNK",TRUE,TRUE
9748,"KAaK",TRUE,TRUE
9751,"IKIPSFFrNILKKVGKEAVSLIAGALKQS",TRUE,TRUE
9755,"FFGRLKSVWSAVKHGWKAAKSR",TRUE,TRUE
9764,"RWKRWWRWI",TRUE,TRUE
9770,"KWWRWRRWW",TRUE,TRUE
9771,"RWKKWWRWL",TRUE,TRUE
9772,"KKRWWWWWR",TRUE,TRUE
9773,"RKRWWWWFR",TRUE,TRUE
9774,"IWKRWWWKR",TRUE,TRUE
9775,"RIWKIWWKR",TRUE,TRUE
9776,"IKWKRWWWR",TRUE,TRUE
9777,"KWWKIWRWR",TRUE,TRUE
9778,"RLWKRWWIR",TRUE,TRUE
9818,"WWWLKRIW",TRUE,TRUE
9819,"WWWLRKIW",TRUE,TRUE
9820,"WWWLKKIW",TRUE,TRUE
9821,"WWWLRRIW",TRUE,TRUE
9842,"RWRWRWX",TRUE,TRUE
9847,"KKCKFFCKVKKKIKSIGFQIPIVSIPFK",TRUE,TRUE
9851,"IXVILPPLXPIFG",TRUE,TRUE
9852,"IXIILPPLXPII",TRUE,TRUE
9853,"HXLLPPVXPLFG",TRUE,TRUE
9855,"VPVFPXPLF",TRUE,TRUE
9856,"IIFPXPLXPINAI",TRUE,TRUE
9871,"WGEAFSAGVHRLANGGNG",TRUE,TRUE
9872,"WGRAFSAGVHRLANGGNG",TRUE,TRUE
9873,"WGRAFSAGVHRLARGGRG",TRUE,TRUE
9874,"WGRAFSRGVRRLARGGRG",TRUE,TRUE
9875,"WGRAFRRGVRRLARGGRR",TRUE,TRUE
9876,"WGRAFRRLVRRLARGLRR",TRUE,TRUE
9877,"WLRAFRRLVRRLARGLRR",TRUE,TRUE
9878,"WLRAFRRLVRRLARLLRR",TRUE,TRUE
9885,"WKpGKW",TRUE,TRUE
9886,"WKWKpGKWKW",TRUE,TRUE
9887,"WKWKWKpGKWKWKW",TRUE,TRUE
9888,"WKWKWKWKpGKWKWKWKW",TRUE,TRUE
9889,"WKWKWKWKWKpGKWKWKWKWKW",TRUE,TRUE
9963,"KWKLFKKI",TRUE,TRUE
9972,"GLFKKLRRKIKKGFKKIFKRLPPIGVGVSIPLAGKR",TRUE,TRUE
9973,"KIKKGFKKIFKRLPPIGVGVSIPLAGKR",TRUE,TRUE
9974,"GLFKKLRRKIKKGFKKIFKRL",TRUE,TRUE
10040,"RYRRKKKMKKALQYIKLLKE",TRUE,TRUE
10050,"GLFDKWAWWRWRR",TRUE,TRUE
10051,"GLFDIWAWWRWRR",TRUE,TRUE
10052,"GLFDIWKWWRWRR",TRUE,TRUE
10053,"GLFDIWKKWRWRR",TRUE,TRUE
10054,"GLFDIWKKLRWRR",TRUE,TRUE
10055,"GSPE",TRUE,TRUE
10182,"RWKIFKKIEKMGRNIRDGIVKAGPAIEVLGSAKAIGK",TRUE,TRUE
10183,"RWKIFKKIEKMGRNIRDGIVKAGPAIEVLGSAKAIGK",TRUE,TRUE
10229,"ASVVNKLTGGVAGLLK",TRUE,TRUE
10248,"FFPGIIKVASAILPTAICAITKRC",TRUE,TRUE
10249,"FFPGIIKVASAILPTAICAITKRC",TRUE,TRUE
10251,"FFPGIIKVAGAILPTAICAITKRC",TRUE,TRUE
10252,"FFPGIIKVAGAILPTAICAITKRC",TRUE,TRUE
10261,"RRRRRRR",TRUE,TRUE
10284,"FRRFFKWFRRFFKFF",TRUE,TRUE
10285,"FRRPFKWFRRFFKFF",TRUE,TRUE
10286,"FRRFFKWPRRFFKFF",TRUE,TRUE
10287,"FRRFFKWFRRPFKFF",TRUE,TRUE
10288,"FRRPFKWPRRFFKFF",TRUE,TRUE
10289,"FRRFFKWPRRPFKFF",TRUE,TRUE
10336,"fkklkklfsklwnwk",TRUE,TRUE
10346,"YKQCHKKGGKKGSG",TRUE,TRUE
10354,"FASGIAGMAGKLF",TRUE,TRUE
10358,"ADMDFTGIAESIIKKIKETNAKPPA",TRUE,TRUE
10361,"KKKK",TRUE,TRUE
10396,"WRRRYRRWRRRRRWRRRPRR",TRUE,TRUE
10406,"WAlVNx",TRUE,TRUE
10407,"ALlVNx",TRUE,TRUE
10408,"WLlVAx",TRUE,TRUE
10409,"WLlANx",TRUE,TRUE
10410,"WLaVNx",TRUE,TRUE
10411,"WLlINx",TRUE,TRUE
10413,"WLlVxx",TRUE,TRUE
10414,"WLlISx",TRUE,TRUE
10415,"WLlIXx",TRUE,TRUE
10416,"WLlIIx",TRUE,TRUE
10418,"xLlVNx",TRUE,TRUE
10420,"WLxVNx",TRUE,TRUE
10421,"WxlVNx",TRUE,TRUE
10422,"WLxIxx",TRUE,TRUE
10423,"WIlVNx",TRUE,TRUE
10424,"WLIVNx",TRUE,TRUE
10431,"lLWVNx",TRUE,TRUE
10433,"WXlVXx",TRUE,TRUE
10434,"WXlXNx",TRUE,TRUE
10435,"WLxVXx",TRUE,TRUE
10436,"GIGGALLSAGKSALKGLAKGLAEHFAN",TRUE,TRUE
10437,"IIGPVLGLIGKALGGLL",TRUE,TRUE
10519,"GrkkrrqrrrGGwmwvtnlrtd",TRUE,TRUE
10520,"GGLKKLGKKLEGAGKRVFNAAEKALPVVAGAKALRK",TRUE,TRUE
10522,"KAKAKAVSRSARAGLQFPVGRIHRHLK",TRUE,TRUE
10528,"GIPCGESCVWIPCLTSAIGCSCKSKVCYRN",TRUE,TRUE
10529,"GTLPCGESCVWIPCISSVVGCSCKSKVCYKD",TRUE,TRUE
10530,"GIPCAESCVWIPCTVTALLGCSCKDKVCYLD",TRUE,TRUE
10531,"GLPCGESCVFIPCITTVVGCSCKNKVCYNN",TRUE,TRUE
10532,"GGTIFDCGESCFLGTCYTKGCSCGEWKLCYGTN",TRUE,TRUE
10533,"GLPVCGETCFGGTCNTPGCACDPWPVCTRD",TRUE,TRUE
10534,"GLPVCGETCTLGTCSTQGCTCSWPICKRN",TRUE,TRUE
10535,"GGVCPKILQRCRRDSDCPGACICRGNGYCGSGSD",TRUE,TRUE
10536,"GGVCPKILKKCRRDSDCPGACICRGNGYCGSGSD",TRUE,TRUE
10540,"GKYTCGETCFKGKCYTPGCTCSYPICKKD",TRUE,TRUE
10541,"GKPTCGETCFKGKCYTPGCTCSYPLCKKD",TRUE,TRUE
10542,"GKPICGETCFKGKCYTPGCTCSYPICKKD",TRUE,TRUE
10543,"GKPICGETCFKGKCYTPGCTCSYPICKKN",TRUE,TRUE
10544,"GLPTCGETCFKGKCYTPGCSCSYPICKKD",TRUE,TRUE
10545,"GLPTCGETCFKGKCYTPGCSCSYPICKKN",TRUE,TRUE
10560,"KWFRVYRGIYRRR",TRUE,TRUE
10561,"rrryiGryvrfwk",TRUE,TRUE
10562,"RRRYIGRYVRFWK",TRUE,TRUE
10563,"kwfrvyrGiyrrr",TRUE,TRUE
10585,"IVPFLLGMVPKLVCLITKKC",TRUE,TRUE
10586,"FLGAIAQALTSLLGKL",TRUE,TRUE
10589,"FLPIIVFQFLGKIIHHVGNFVHGFSHVF",TRUE,TRUE
10590,"RRGLFKKLRRKIKKGFKKIFKRLPPVGVGVSIPLAGRR",TRUE,TRUE
10591,"TRRKFWKKVLNGALKIAPFLLG",TRUE,TRUE
10592,"TRWLWLLRGGLKAAGWGIRAHLNRNQ",TRUE,TRUE
10601,"GCRRLCYKQRCVTYCRGR",TRUE,TRUE
10602,"GCRRLCWKQRCVTYCRGR",TRUE,TRUE
10603,"GCRRLCYKQRCVTWCRGR",TRUE,TRUE
10604,"GCRRLCYRQRCVTYCRGR",TRUE,TRUE
10605,"GCRRLCWRQRCVTWCRGR",TRUE,TRUE
10606,"GCRALCYKQRCVTYCRGA",TRUE,TRUE
10607,"KCRRLCYRQRCVTYCRGR",TRUE,TRUE
10608,"GXRRLXYKQRXVTYXRGR",TRUE,TRUE
10609,"GCRRWCYKQRCVTYCRGR",TRUE,TRUE
10610,"GCRRLCYKQRCVTYCRGpPR",TRUE,TRUE
10611,"KCRRYCYRQRCVTYCRGR",TRUE,TRUE
10612,"KXRRYXYRQRXVTYXRGR",TRUE,TRUE
10674,"CKKKC",TRUE,TRUE
10675,"KKKR",TRUE,TRUE
10677,"CKKKRC",TRUE,TRUE
10678,"KKRK",TRUE,TRUE
10679,"CKKRKC",TRUE,TRUE
10680,"RKKK",TRUE,TRUE
10681,"CRKKKC",TRUE,TRUE
10682,"SLLSLIRLLIT",TRUE,TRUE
10683,"SLLSLIRKLLT",TRUE,TRUE
10703,"FTVAXFI",TRUE,TRUE
10719,"GFGCPFNARRCHRHCRSIRRRAGYCAGRLRLTCTCVR",TRUE,TRUE
10720,"GFGCPLNQGACHRHCRSIRRRGGYCSGIIKQTCTCY",TRUE,TRUE
10723,"KLLKLLKKLLKLLK",TRUE,TRUE
10755,"NPEKALEKLIAIQKAIKGMLNGWFTGVGFRRKR",TRUE,TRUE
10785,"KRIVkLILKWLR",TRUE,TRUE
10786,"KRIVKlILKWLR",TRUE,TRUE
10787,"KRIVKLlLKWLR",TRUE,TRUE
10796,"XKX",TRUE,TRUE
10797,"WKX",TRUE,TRUE
10798,"AKX",TRUE,TRUE
10799,"PKX",TRUE,TRUE
10812,"rsmrlsfrarGyGfr",TRUE,TRUE
10833,"FLSLIPKIATGIAALAKHL",TRUE,TRUE
10834,"FFSMIPKIAGGIASLVKNL",TRUE,TRUE
10835,"FLSLIPKIAGGIAALAKHL",TRUE,TRUE
10836,"GIGSAILSAGKSIIKGLAKGLAEHF",TRUE,TRUE
10837,"IIGPVLGLVGKALGGLL",TRUE,TRUE
10849,"ALWKEVLKNAGKAALNEINNLVQ",TRUE,TRUE
10851,"FLSLIPAAISAVSALANHF",TRUE,TRUE
10852,"FLPIVGLLKSLLK",TRUE,TRUE
10878,"LPRRNRWSKIWKKVVTVFS",TRUE,TRUE
10879,"HLRRINKLLTRIGLYRHAFG",TRUE,TRUE
10880,"NRFTARFRRTPWRLCLQFRQ",TRUE,TRUE
10906,"FLPIVAKLLSGLL",TRUE,TRUE
10907,"FLYIVAKLLSGLL",TRUE,TRUE
10908,"FLPIVAKLLSGLLGRKKRRQRRR",TRUE,TRUE
10931,"GFGSKPLDSFGLNFF",TRUE,TRUE
10934,"KWKSFLKTFKSAKkTVLHTALKAISS",TRUE,TRUE
10935,"KWKSFLKTFKsAKkTVLHTALKAISS",TRUE,TRUE
10936,"KWKSFLKTFKSAKktVLHTALKAISS",TRUE,TRUE
10937,"KWKSFLKTFKsAKktVLHTALKAISS",TRUE,TRUE
10938,"KWKSFLKTFKSaKKTVLHTALKAISS",TRUE,TRUE
10939,"KWKSFLKTfKSaKKTVLHTALKAISS",TRUE,TRUE
10940,"KWKSFLKTFKSaKKTvLHTALKAISS",TRUE,TRUE
10941,"KWKSFLKTfKSaKKTvLHTALKAISS",TRUE,TRUE
10982,"RTXCXfLRXC",TRUE,TRUE
10984,"RTRCXfLRXC",TRUE,TRUE
10986,"RTRCRfLRRC",TRUE,TRUE
11036,"KEFKRIVKRIKKFLRKLV",TRUE,TRUE
11075,"FLPLLLAGLPSFLCLVFKKC",TRUE,TRUE
11076,"FLPKLLAGLPSFLCLVFKKC",TRUE,TRUE
11077,"FLPLLLAGLPKFLCLVFKKC",TRUE,TRUE
11091,"XRWRWRW",TRUE,TRUE
11101,"PRPRPRP",TRUE,TRUE
11127,"NIlLWG",TRUE,TRUE
11136,"NVlLWX",TRUE,TRUE
11147,"NGWLLI",TRUE,TRUE
11148,"XGNIlL",TRUE,TRUE
11149,"XGNIlL",TRUE,TRUE
11150,"XXXX",TRUE,TRUE
11151,"XXXX",TRUE,TRUE
11152,"KKKK",TRUE,TRUE
11153,"XXXX",TRUE,TRUE
11154,"XXXX",TRUE,TRUE
11155,"XXXX",TRUE,TRUE
11156,"XXXX",TRUE,TRUE
11157,"XXXX",TRUE,TRUE
11171,"GKEFKRIVWLSKTAKKL",TRUE,TRUE
11172,"GKEFKRIVKWPWWPWRR",TRUE,TRUE
11173,"GKEFKRIVGRIYRLCCR",TRUE,TRUE
11174,"VTCYCRRTRCGFRERLSGACGYRGRIYRLCCR",TRUE,TRUE
11184,"RRIRFRPPYLPRPGRRPRFPPPFPIPRIPRIP",TRUE,TRUE
11188,"RRIPFWPPNWPGPWLPPWSPPDFRIPRILRKR",TRUE,TRUE
11191,"fxisfSSxFSVix",TRUE,TRUE
11192,"fxiswSSxWSViX",TRUE,TRUE
11193,"fxisvSSxVSViX",TRUE,TRUE
11194,"fxisfSSxFSViX",TRUE,TRUE
11195,"kLGvPLKRK",TRUE,TRUE
11202,"WEXWtIW",TRUE,TRUE
11203,"WyTxXxTwxWXY",TRUE,TRUE
11204,"XrIRL",TRUE,TRUE
11205,"sRxRtLxTTnGT",TRUE,TRUE
11212,"NLVSALIEGRKYLKNVLKKLNRLKEKNKAKNSKENN",TRUE,TRUE
11225,"LIXFXPx",TRUE,TRUE
11226,"XFXILxP",TRUE,TRUE
11239,"LIPFPFP",TRUE,TRUE
11241,"FYPFG",TRUE,TRUE
11270,"FFSLIPKLVKGLISAFK",TRUE,TRUE
11271,"FFKLIPKLVKGLISAFK",TRUE,TRUE
11272,"IKYLLVKLQGASQKTITLMLRRNNLYVMGYS",TRUE,TRUE
11273,"IKYLLVKLQGASQKTITLMLRRN",TRUE,TRUE
11302,"FPVTWRWWRWWRG",TRUE,TRUE
11303,"VKKFAWWWAFLKK",TRUE,TRUE
11304,"VKKFAWWWPFLKK",TRUE,TRUE
11305,"VKKFPWWWAFLKK",TRUE,TRUE
11306,"VXXFPWWWPFLXX",TRUE,TRUE
11307,"VXXFPWWWPFLXX",TRUE,TRUE
11335,"CRWRWKCCKK",TRUE,TRUE
11337,"IWLTALKFLGKNLGKLAKQQLAKL",TRUE,TRUE
11351,"NVLLWG",TRUE,TRUE
11352,"NIiLWG",TRUE,TRUE
11380,"GILSKLGKALKKAAKHAAKA",TRUE,TRUE
11382,"GLLRRLRDFLKKIGEKFKKIGY",TRUE,TRUE
11467,"GLGKAQCAALWLQCASGGTIGXGGGAVACQNYRQFCR",TRUE,TRUE
11468,"LNLKALLAVAKKIL",TRUE,TRUE
11469,"CLNLKALLAVAKKILC",TRUE,TRUE
11470,"RKKRRQRRRLNLKALLAVAKKIL",TRUE,TRUE
11526,"KWKIFKKIEKVGRNIRNGIIKAVAVLGEAKAL",TRUE,TRUE
11531,"CKILSKTIKCRIPCGRRKEY",TRUE,TRUE
11532,"KRCKNKMEGDDVAVSGRGARKAAKK",TRUE,TRUE
11539,"SLLPLIRKLIT",TRUE,TRUE
11541,"EEEEEEEEEEKKRLKKIFKKPMVIGVTIPF",TRUE,TRUE
11542,"GSGSGSGSLKKIFKKPMVIGVTIPF",TRUE,TRUE
11550,"RLLSLIRKLIT",TRUE,TRUE
11551,"SFLSLIRKLIT",TRUE,TRUE
11552,"SLLSLFRKLIT",TRUE,TRUE
11553,"SLLSLFRKLI",TRUE,TRUE
11567,"ALWKDILKNAGKAALNEINQIVQ",TRUE,TRUE
11568,"ALWKKILKNAGKAALNKINQIVQ",TRUE,TRUE
11569,"ALWKDILKNLLKAALNEINQIVQ",TRUE,TRUE
11600,"KKLFKKILKYL",TRUE,TRUE
11733,"DLIWKLLVKAQEKFGRGKPSKRVKKMRRQWQACKSSHHHHHH",TRUE,TRUE
11804,"ALWKDLLKNVGKAAGKAVLNKVTDMVNQ",TRUE,TRUE
11805,"ALWKSLLKNVGKAAGKAALNAVTDMVNQ",TRUE,TRUE
11806,"ALWKSLLKNVGKA",TRUE,TRUE
11807,"GRKKRRQRRRGALWKSLLKNVGKA",TRUE,TRUE
11808,"SLQPGAPNFPIPGQEKQEGWKFDPSLTRGEDGNTLGSINIHHTGPNHEVGANWDKVIRGPGKAKPTYSIHGSWRW",TRUE,TRUE
11810,"GWLKKIGKKIERVGQHTRDATIQTIGVAQQAANVAATLK",TRUE,TRUE
11811,"SLQPGAPKLPYAWSRKQEGWKFDPSLTRGEDGNTLGSINIHHTGRNHEVGANWNKVIRGPGKAKPTYSIHGSWRW",TRUE,TRUE
11812,"GFRKRFNKLVKKVKHTIKETANVSKDVAIVAGSGVAVGAAM",TRUE,TRUE
11813,"GwlkkiGkkiervGqhtrdatiqtiGvaqqaanvaatlk",TRUE,TRUE
11819,"GFALAGLARILCLWFREFSGFFRRLNRRFAMRRR",TRUE,TRUE
11821,"DSEGWKVQPNINRDQDGNTAGSVRVQKQLGNHEVHAGASRVFSGPNRGGPSYNVGATFNW",TRUE,TRUE
11854,"GXKRlVQRlKDXlRNLV",TRUE,TRUE
11857,"GfrkrfnklvkkvkhtiketanvskdvaivaGsGvavGaam",TRUE,TRUE
11935,"GVWGIAKIAGKVLGNILPHVFSSNQS",TRUE,TRUE
11938,"GGLRSLGRKILRAWKKYG",TRUE,TRUE
11943,"AAAARRRR",TRUE,TRUE
11956,"WLWKAIWKLLT",TRUE,TRUE
11957,"WLWKAIWKLLK",TRUE,TRUE
11962,"YYYYRRRR",TRUE,TRUE
11963,"TQQAFQKFLAAVTSALGKQYH",TRUE,TRUE
11971,"FFFFRRRR ",TRUE,TRUE
11972,"IIIIRRRR",TRUE,TRUE
11974,"LLLLRRRR",TRUE,TRUE
11989,"GVWGIAKIAGKVLGNILPHVFSSNQS",TRUE,TRUE
12016,"GLRKRLRKFRNK",TRUE,TRUE
12017,"KCVRQNNKRVCK",TRUE,TRUE
12018,"KCVRQNNKRVCKGLRKRLRKFRNK",TRUE,TRUE
12112,"ALWKTMLKKLGTVALHAGKAALGAVADTISQ",TRUE,TRUE
12113,"PKILNKILGKILRLAAAFK",TRUE,TRUE
12129,"HGVSGHGQHGVHG",TRUE,TRUE
12184,"GIMDTVKNAAKNLAGQLLDKLKCKITAC",TRUE,TRUE
12185,"GIMDTVKNAAKNLAGQLLDKLK",TRUE,TRUE
12186,"GIMDTVKNAAKNLAGQLLDKLKCSITAC",TRUE,TRUE
12216,"VGTDFSGNDDISDVQK",TRUE,TRUE
12224,"LVPFIGRTLGGLLARF",TRUE,TRUE
12228,"LLGAALSALSSVIPSVISWFQK",TRUE,TRUE
12230,"RRWCFRVCYRGFCYRKCR",TRUE,TRUE
12231,"RRWCFRVCYKGFCYRKCR",TRUE,TRUE
12233,"RRGCFRVCYRGFCFQRCR",TRUE,TRUE
12234,"RWCFRVCYRGICYRKCR",TRUE,TRUE
12235,"KWCFRVCYRGICYRKCR",TRUE,TRUE
12236,"GFWSSVWDGAKNVGTAIIKNAKVCVYAVCVSHK",TRUE,TRUE
12237,"GFWSSVWDGAKNVGTAI",TRUE,TRUE
12238,"IKNAKVCVYAVCVSHK",TRUE,TRUE
12255,"SVAGRAQGM",TRUE,TRUE
12306,"GRFKRFRKKLKRLWHKVGPFVGPILHY",TRUE,TRUE
12309,"HSDGIFTDSYSRYRKQMAVKKYLAAVLGRRYRQRFRNK",TRUE,TRUE
12343,"KWKW",TRUE,TRUE
12344,"KWKW",TRUE,TRUE
12345,"KWKW",TRUE,TRUE
12346,"KWKW",TRUE,TRUE
12347,"KWKW",TRUE,TRUE
12348,"KWKW",TRUE,TRUE
12349,"KWKW",TRUE,TRUE
12350,"KWKW",TRUE,TRUE
12358,"ACFLTRLGTYVC",TRUE,TRUE
12359,"DKERPICSNTFRGRKC",TRUE,TRUE
12360,"RCFRRRGKLTC",TRUE,TRUE
12363,"KKLIKVWAKGFKKAKKLFKGIG",TRUE,TRUE
12364,"KKLIKVFAKGWKKAKKLFKGIG",TRUE,TRUE
12365,"KKLIKVFAKGFKKAKKLWKGIG",TRUE,TRUE
12366,"XXLIXVWAXGFXXAXXLFXGIG",TRUE,TRUE
12367,"KKAAKAWAKGAKKAKKLAKGAG",TRUE,TRUE
12376,"TRSRWRRFIRGAGRFARRYGWRIA",TRUE,TRUE
12382,"FLSLLPHIASGIASLVSKF",TRUE,TRUE
12390,"FLSLIPHIASGIASLVKNF",TRUE,TRUE
12391,"FLSLIPHIVSGVAALANHL",TRUE,TRUE
12407,"IETFLKQLRSAANKIVGL",TRUE,TRUE
12408,"LESLASSAVRTANKARAKL",TRUE,TRUE
12415,"GFAWNVCVYRNGVRVCHRRAN",TRUE,TRUE
12416,"GLFSKKGGKGGKSWIKGVFKGIKGIGKEVGGDVIRTGIEIAACKIKGEC",TRUE,TRUE
12420,"WKLLSKAQEKFGKNKSR,RYGTXIYQXRLWAFSK",TRUE,TRUE
12428,"TRGRWGRFKRRAGRFIRRNRWQIISTGLKLIG",TRUE,TRUE
12433,"WKLLSKAQEKFGKNKSR,RYGTXIYQXRLWAFSK",TRUE,TRUE
12434,"WKLLSKAQEKFGKNKSRC,RYGTCIYQXRLWAFS",TRUE,TRUE
12436,"KKPSKKPKPQAMTFPKVTVEYFPASFSTAALTVPED",TRUE,TRUE
12454,"RWWWRR",TRUE,TRUE
12498,"KKIGQKIKNFFQKL",TRUE,TRUE
12499,"KKIWQKIKNFFQKL",TRUE,TRUE
12500,"KRIWQKIKNFFQKL",TRUE,TRUE
12501,"KKIWQRIKNFFQKL",TRUE,TRUE
12502,"KKIWQKIRNFFQKL",TRUE,TRUE
12503,"KKIWQKIKRFFQKL",TRUE,TRUE
12504,"KKIWQKIKNFFRKL",TRUE,TRUE
12528,"GLPLLISWIKRKRQQAGPGSKKPVPIIYCNRRTGKCQRM",TRUE,TRUE
12532,"FVPAILCSILKTC",TRUE,TRUE
12577,"RFRPPIRRPPIRPPFYP",TRUE,TRUE
12587,"KKWRKWLAKK",TRUE,TRUE
12588,"XXKKWRKWLAKK",TRUE,TRUE
12589,"KKKKRRXXKKWRKWLAKK",TRUE,TRUE
12590,"KKKKKKXXKKWRKWLAKK",TRUE,TRUE
12591,"FKKLKKLFSKLWNWK",TRUE,TRUE
12593,"RLRLLLRLR",TRUE,TRUE
12594,"LLRRLRRLL",TRUE,TRUE
12595,"RFRFFFRFR",TRUE,TRUE
12596,"FFRRFRRFF",TRUE,TRUE
12597,"RIRIIIRIR",TRUE,TRUE
12598,"IIRRIRRII",TRUE,TRUE
12599,"RWRWWWRWR",TRUE,TRUE
12600,"WWRRWRRWW",TRUE,TRUE
12601,"RRLRLLLRLRR",TRUE,TRUE
12602,"RLLRRLRRLLR",TRUE,TRUE
12603,"RRFRFFFRFRR",TRUE,TRUE
12604,"RFFRRFRRFFR",TRUE,TRUE
12605,"RRIRIIIRIRR",TRUE,TRUE
12606,"RIIRRIRRIIR",TRUE,TRUE
12607,"RRWRWWWRWRR",TRUE,TRUE
12608,"RWWRRWRRWWR",TRUE,TRUE
12626,"FLSLIPKAISAVSALANHF",TRUE,TRUE
12627,"FLSLIPKAISAISALANHF",TRUE,TRUE
12628,"FLSLIPKAISAISALINHF",TRUE,TRUE
12629,"FLSLIPKIISAISALINHF",TRUE,TRUE
12630,"FLSLIPKIISAISALIKHF",TRUE,TRUE
12632,"WFGKLYRGKTKVVKKVKGLLKG",TRUE,TRUE
12644,"FIVPSIFLLKKAFCIALKKC",TRUE,TRUE
12669,"SGRGKTGGKARAKAKTRSSRAGLQFPVGRVHRLLRKGNYAQRVGAGAPVY",TRUE,TRUE
12670,"SGRGKTGGKARAKAKTRSSRAGLQFPVGRVHRLLR",TRUE,TRUE
12671,"ILELAGNAARDNKKTRIIPRHLQL",TRUE,TRUE
12674,"QLGKKKHRRRPSKKKRHW",TRUE,TRUE
12675,"QLGRRRHRRRPSRRRRHW",TRUE,TRUE
12703,"IKPIIKPIIKPIIKPIIKPIIKPIIKPI",TRUE,TRUE
12708,"LKPLLKPLLKPLLKPLLKPLLKPLLKPL",TRUE,TRUE
12715,"IRPIIRPIIRPIIRPIIRPIIRPIIRPI",TRUE,TRUE
12720,"LRPLLRPLLRPLLRPLLRPLLRPLLRPL",TRUE,TRUE
12727,"XXXXKKK",TRUE,TRUE
12731,"KKLKXFX",TRUE,TRUE
12736,"XFXLKKK",TRUE,TRUE
12771,"RWKIFKKIEKVG",TRUE,TRUE
12772,"RWKIFKKAAKKG",TRUE,TRUE
12773,"RWKIFKKVVKKG",TRUE,TRUE
12774,"RWKIFKKAAKKA",TRUE,TRUE
12775,"RWKIFKKVVKKA",TRUE,TRUE
12776,"RWKIFKKVVKKW",TRUE,TRUE
12780,"RGLRRLGRKIAHGVKKYG",TRUE,TRUE
12781,"RGWRRWGRKWAHGWKKYG",TRUE,TRUE
12795,"INLKKLAKLXKKIL",TRUE,TRUE
12796,"INLKKLAKLXKKIS",TRUE,TRUE
12797,"INLKKLAXLXKKIS",TRUE,TRUE
12798,"INLKKLAKLXKKIT",TRUE,TRUE
12811,"AFCWNVCVYRNAVRVCHRRCN",TRUE,TRUE
12838,"INWLKIAKKVKGML",TRUE,TRUE
12878,"KLKNFAKGVAQSLLNKASCKLSGQC",TRUE,TRUE
12888,"inlkalaalakkil",TRUE,TRUE
12889,"LIKKALAALAKLNI",TRUE,TRUE
12890,"likkalaalaklni",TRUE,TRUE
12905,"AKKKLSRWWLRWWVK",TRUE,TRUE
12911,"AVKKLLRWWSRWWKK",TRUE,TRUE
12944,"WVKAAAKAAAKVW",TRUE,TRUE
12945,"WIKAAAKAAAKIW",TRUE,TRUE
12946,"WFKAAAKAAAKFW",TRUE,TRUE
12947,"WWKAAAKAAAKWW",TRUE,TRUE
13006,"GKKLGLWLGLKKG",TRUE,TRUE
13007,"KKLLGWGLLKK",TRUE,TRUE
13008,"KKLGWGLKK",TRUE,TRUE
13009,"KKLGLWLGLKK",TRUE,TRUE
13010,"GKKLLWLLKKG",TRUE,TRUE
13011,"LKGKLWLKGKL",TRUE,TRUE
13012,"KLLGKWKGLLK",TRUE,TRUE
13013,"KKLLKGLLKGW",TRUE,TRUE
13014,"KKIGIWIGIKK",TRUE,TRUE
13015,"RRLGLWLGLRR",TRUE,TRUE
13016,"KKLTLWLTLKK",TRUE,TRUE
13017,"KKLGLCLGLKK",TRUE,TRUE
13027,"AAKIILNPKFRCKAAFC",TRUE,TRUE
13028,"AARIILRWRFR",TRUE,TRUE
13029,"AARRILRWIFR",TRUE,TRUE
13039,"AARIILRWFRR",TRUE,TRUE
13040,"AARIILRRRFR",TRUE,TRUE
13041,"AARIILRDRFR",TRUE,TRUE
13059,"GFGCNGPWDEDDMKCHNHCKSIKGYKGGYCASAGFVCKCY",TRUE,TRUE
13065,"AARIILRPRFR",TRUE,TRUE
13066,"AARIILRIRFR",TRUE,TRUE
13067,"AARIILRGRFR",TRUE,TRUE
13068,"AARIILRNRFR",TRUE,TRUE
13069,"AARIILRTRFR",TRUE,TRUE
13070,"AARIILRYRFR",TRUE,TRUE
13071,"AARIILRARFR",TRUE,TRUE
13072,"AARIILRFRFR",TRUE,TRUE
13073,"AARIILRLRFR",TRUE,TRUE
13074,"KETWWETWWTEWSQPKKKRKV",TRUE,TRUE
13121,"XXXXXXXXX",TRUE,TRUE
13122,"XXXXXXXXX",TRUE,TRUE
13123,"XXXXXXXXX",TRUE,TRUE
13128,"XXXXXXXXX",TRUE,TRUE
13130,"XXXXXXXXX",TRUE,TRUE
13131,"XXXXXXXXX",TRUE,TRUE
13132,"XXXXXXXXX",TRUE,TRUE
13133,"XXXXXXXXX",TRUE,TRUE
13135,"XXXXXXXXX",TRUE,TRUE
13141,"XXXXXXXXX",TRUE,TRUE
13142,"XXXXXXXX",TRUE,TRUE
13146,"RWKIFKKIEKMGRNIRDGIVKAGPAIQVLGSAKAI",TRUE,TRUE
13150,"RTCQSQSHRFRGPCLRRSNCANVCRTEGFPGGRCRGFRRRCFCTTHC",TRUE,TRUE
13172,"AAKIILNPKFR",TRUE,TRUE
13184,"YLARAIRRTLARLLL",TRUE,TRUE
13189,"SWKKFFKKARSLPKLF",TRUE,TRUE
13254,"RRSRFGRFFKKVRKQLGRVLRHSRITVGGRMRF",TRUE,TRUE
13304,"vWlVvX",TRUE,TRUE
13330,"FAKKFAKKFKKFAKKFAKFAFAF",TRUE,TRUE
13331,"FKLRAKIKVRLRAKIKL",TRUE,TRUE
13343,"FALAKLAKKAKAKLKKALKAL",TRUE,TRUE
13347,"FLPIVGRLISGIL",TRUE,TRUE
13348,"SILPTIVSFLSKVF",TRUE,TRUE
13349,"FLPFLKSILGKIL",TRUE,TRUE
13350,"FLSAITSILGKFF",TRUE,TRUE
13351,"KFAK",TRUE,TRUE
13352,"KFAKKFAK",TRUE,TRUE
13353,"KFAKKFAKKFAK",TRUE,TRUE
13354,"KFAKKFAKKFAKKFAK",TRUE,TRUE
13355,"KFAKKFAKKFAKKFAKKFAK",TRUE,TRUE
13356,"KFAKKFAKKFAKKFAKKFAKKFAK",TRUE,TRUE
13357,"KFAKKFAKKFAKKFAKKFAKKFAKKFAK",TRUE,TRUE
13358,"KFAKKFAKKFAKKFAKKFAKKFAKKFAKKFAK",TRUE,TRUE
13361,"RFARRFARRFARRFARRFARRFAR",TRUE,TRUE
13362,"RFARRFARRFARRFARRFARRFARRFAR",TRUE,TRUE
13363,"RFARRFARRFARRFARRFARRFARRFARRFAR",TRUE,TRUE
13364,"FAKKFAKKFAKKFAKKFAKKFAKK",TRUE,TRUE
13365,"AKKFAKKFAKKFAKKFAKKFAKKF",TRUE,TRUE
13366,"KKFAKKFAKKFAKKFAKKFAKKFA",TRUE,TRUE
13367,"LKKLLKKLLKKLLKKLLKKL",TRUE,TRUE
13368,"LKKLLKKLLKKLLKKLLKKLLKKL",TRUE,TRUE
13369,"LKKLLKKLLKKLLKKLLKKLLKKLLKKL",TRUE,TRUE
13370,"LKKLLKKLLKKLLKKLLKKLLKKLLKKLLKKL",TRUE,TRUE
13371,"KFAFKFAFKFAFKFAFKFAFKFAFKFAF",TRUE,TRUE
13372,"KFFKKFFKKFFKKFFKKFFKKFFKKFFK",TRUE,TRUE
13373,"KAAKKAAKKAAKKAAKKAAKKAAKKAAK",TRUE,TRUE
13374,"KKAKKKAKKKAKKKAKKKAKKKAKKKAK",TRUE,TRUE
13375,"KFKKFKKFKKFKKFKKFK",TRUE,TRUE
13376,"KFKKFKKFKKFKKFKKFKKFK",TRUE,TRUE
13377,"KFKKFKKFKKFKKFKKFKKFKKFK",TRUE,TRUE
13378,"KFKKFKKFKKFKKFKKFKKFKKFKKFK",TRUE,TRUE
13379,"KFKKFKKFKKFKKFKKFKKFKKFKKFKKFK",TRUE,TRUE
13385,"FKAFKAFKAFKAFKAFKA",TRUE,TRUE
13386,"FKAFKAFKAFKAFKAFKAFKA",TRUE,TRUE
13387,"FKAFKAFKAFKAFKAFKAFKAFKA",TRUE,TRUE
13388,"FKAFKAFKAFKAFKAFKAFKAFKAFKA",TRUE,TRUE
13389,"FKAFKAFKAFKAFKAFKAFKAFKAFKAFKA",TRUE,TRUE
13394,"LKLKLKLKLKLKLK",TRUE,TRUE
13395,"LKLKLKLKLKLKLKLK",TRUE,TRUE
13396,"LKLKLKLKLKLKLKLKLK",TRUE,TRUE
13397,"LKLKLKLKLKLKLKLKLKLK",TRUE,TRUE
13398,"LKLKLKLKLKLKLKLKLKLKLK",TRUE,TRUE
13399,"LKLKLKLKLKLKLKLKLKLKLKLK",TRUE,TRUE
13402,"LRLRLRLRLRLRLR",TRUE,TRUE
13403,"LRLRLRLRLRLRLRLRLR",TRUE,TRUE
13404,"LALALALALALALALALALALA",TRUE,TRUE
13415,"AMAYLAKDNLGEKITEVITILLNRLTDRLEKYAG",TRUE,TRUE
13416,"MDKYIRKEDLGMKMLDVAKILGRRIEKRMEYIAKK",TRUE,TRUE
13417,"IDTYSRKDDLDKKLLEVAKIIGRRLEKRHEYLAMK",TRUE,TRUE
13423,"IRKYLEEDNLGEKLAAVVSIYVKRLNKRLDMR",TRUE,TRUE
13425,"ITEVITILLNRLTDRLEK",TRUE,TRUE
13426,"ITKVITKLLNRLTKILSK",TRUE,TRUE
13431,"VALTGLTVAEYFR",TRUE,TRUE
13462,"ATCDLLSPFKVGHAACALHCIAMGRRGGWCDGRAVCNCRR",TRUE,TRUE
13505,"RWCRRYRVRVRGVLVYAYVCW",TRUE,TRUE
13506,"RRWCVYAYVRVRGVRVYAYVCW",TRUE,TRUE
13507,"WCRRYRVLVRGVLVRYRRCW",TRUE,TRUE
13510,"RWCVYAYVRVXX,RWCVYAYVRV",TRUE,TRUE
13513,"WCRRYRVLVXX,WCRRYRVLV",TRUE,TRUE
13515,"RFCVYAYVRVRGVLVRYRRCF",TRUE,TRUE
13516,"RWXVYAYVRVRGVLVRYRRXW",TRUE,TRUE
13517,"RWCVYAYVRVRGVLVRYRRCW",TRUE,TRUE
13529,"RLCRIVVIRVCR",TRUE,TRUE
13530,"KLKKIVVIKVKK",TRUE,TRUE
13531,"RLRRIWWIRVRR",TRUE,TRUE
13532,"KLKKIWWIKVKK",TRUE,TRUE
13533,"RLWRIVVIRVWR",TRUE,TRUE
13534,"KLWKIVVIKVWK",TRUE,TRUE
13535,"RLLRIVVIRVLR",TRUE,TRUE
13536,"KLLKIVVIKVLK",TRUE,TRUE
13537,"RLLRIWWIRVLR",TRUE,TRUE
13538,"KLLKIWWIKVLK",TRUE,TRUE
13540,"RLPRIWWIRVPR",TRUE,TRUE
13541,"GNNKPVYRPQPRPPHPRL",TRUE,TRUE
13544,"KLPKIWWIKVPK",TRUE,TRUE
13548,"VDKGSYLPRPTPPRPIYNRN",TRUE,TRUE
13550,"VDKGSYRPRPTPPKPIYNRN",TRUE,TRUE
13587,"VRKPPYLPRPRWPRXIYNX",TRUE,TRUE
13591,"VXKPPYLPRPRWPRXIYNX",TRUE,TRUE
13592,"VrKPPYLPRPRWPRXIYNX",TRUE,TRUE
13593,"VRKPPYLPRPRWXRXXYNX",TRUE,TRUE
13594,"VXKPPYLPRPRWXRXXYNX",TRUE,TRUE
13595,"VrKPPYLPRPRWXRXXYNX",TRUE,TRUE
13596,"VRKPPYLPRPRWPRrIYNr",TRUE,TRUE
13597,"VXKPPYLPRPRWPRrIYNr",TRUE,TRUE
13598,"VrKPPYLPRPRWPRrIYNr",TRUE,TRUE
13623,"GLFSVVKGVLKGVGKNVSGSLLDQLKCKISGGC",TRUE,TRUE
13624,"SFLTTVKKLVTNLAALAGTVIDTIKCKVTGGCRT",TRUE,TRUE
13625,"SFLTTVKKLVTNLAALAGTVIDTIKCKVTGGC",TRUE,TRUE
13626,"SFLTTVKKLVTNLAAL",TRUE,TRUE
13627,"GALKGCWTKSIPPKPCK",TRUE,TRUE
13647,"FLFSLIPHAISGLISAFK",TRUE,TRUE
13648,"FLFKLIPKAIKGLIKAFK",TRUE,TRUE
13649,"FLFSLIPNAISGLLSAFK",TRUE,TRUE
13650,"FLFKLIPKAIKGLLKAFK",TRUE,TRUE
13651,"LIAGLAANFLPQILCKIARKC",TRUE,TRUE
13655,"LAANFLPQILCKIARKC",TRUE,TRUE
13656,"KIAGLAANFLPQILCKIARKC",TRUE,TRUE
13657,"WIAGLAANFLPQILCKIARKC",TRUE,TRUE
13658,"RIAGLAANFLPQILCKIARKC",TRUE,TRUE
13659,"HIAGLAANFLPQILCKIARKC",TRUE,TRUE
13663,"SRSSRAGLQFPVGRIHRLLRK",TRUE,TRUE
13667,"liaGlaanflpqilckiarkc",TRUE,TRUE
13670,"RRLRKKTRKRLK",TRUE,TRUE
13671,"RWLRKWTRKRLK",TRUE,TRUE
13672,"RRLRWKTRWRLK",TRUE,TRUE
13673,"RRLRKKTWKRLW",TRUE,TRUE
13674,"RWLRKWTRKWLK",TRUE,TRUE
13675,"WRLRWKTRWRLK",TRUE,TRUE
13676,"RRLWKKTWKRLW",TRUE,TRUE
13677,"RWLRWKTRWRLK",TRUE,TRUE
13678,"RRLRWWTRWRLK",TRUE,TRUE
13679,"VRLRVKTRVRLK",TRUE,TRUE
13680,"LRLRLKTRLRLK",TRUE,TRUE
13681,"RWLRWWTRWRLK",TRUE,TRUE
13682,"WRVRWKTRWRVK",TRUE,TRUE
13683,"WRIRWKTRWRIK",TRUE,TRUE
13684,"WRFRWKTRWRFK",TRUE,TRUE
13685,"WRLRWRTRWRLR",TRUE,TRUE
13686,"WRLRWRLRWRLR",TRUE,TRUE
13687,"WRVRWRVRWRVR",TRUE,TRUE
13688,"WRTRWRTRWRTR",TRUE,TRUE
13689,"WRFRWRFRWRFR",TRUE,TRUE
13690,"WKVKWKVKWKVK",TRUE,TRUE
13691,"WKLKWKLKWKLK",TRUE,TRUE
13692,"WKIKWKIKWKIK",TRUE,TRUE
13693,"WRVRWKVRWRVK",TRUE,TRUE
13710,"ATCYCRTGRCATRESLSGVCRISGRLYRLCCR",TRUE,TRUE
13798,"KIVPAMICAVTKKC",TRUE,TRUE
13799,"KIVPAMICAVTKKC",TRUE,TRUE
13800,"KIVPAMICAVTKKC",TRUE,TRUE
13801,"KIVPAMICAVTKKC",TRUE,TRUE
13802,"KIVPAMICAVTKKC",TRUE,TRUE
13831,"ALRGCWTKSIPPKPCP",TRUE,TRUE
13832,"ALRGCWTFSIPPKPCP",TRUE,TRUE
13833,"ALRGCWTKSIPPKPCK ",TRUE,TRUE
13836,"RKKRRQRRRCWTKSIPPKPC",TRUE,TRUE
13881,"IIKKIIKKIIKKI",TRUE,TRUE
13882,"GIIKKIIKKIIKK",TRUE,TRUE
13883,"IIKKIIKKIIKK",TRUE,TRUE
13885,"XCRRLCYRNRCVTYCRGR",TRUE,TRUE
13888,"RVKRVWYLVIRTVIAGYNLPRAIKKK",TRUE,TRUE
13889,"KWCFRVCYRGICYRRCRG",TRUE,TRUE
13890,"RWCFRVCYRGICYRKCRG",TRUE,TRUE
13891,"KWCFRVCYRGICYRKCRG",TRUE,TRUE
13892,"RVKRVWPLVIRTVIAGYNL",TRUE,TRUE
13893,"KRVWPLVIRTVIAGYNLYR",TRUE,TRUE
13894,"VWPLVIRTVIAGYNLYRAI",TRUE,TRUE
13895,"LVIRWVRAGYKLYRAIKKK",TRUE,TRUE
13897,"NLCASLRARHTIPQCRKFGRR",TRUE,TRUE
13898,"NLSASLRARHTIPQSRKFGRR",TRUE,TRUE
13906,"ELLSRVD",TRUE,TRUE
13907,"ELLSRVD",TRUE,TRUE
13908,"FLPAIAGLAAKFLPKIFCAITKKC",TRUE,TRUE
13909,"FLPAIAGVAAKFLPKIFCAITKKC",TRUE,TRUE
13910,"RFGRFLRKIRRFRPKVTITIQGSARFG",TRUE,TRUE
13911,"RFRRLRWKTRWRLKKIRFGRFLRKIRRFRPK",TRUE,TRUE
13912,"RFRRLRWKTRWRLKKICYCRRRFCVCV",TRUE,TRUE
13913,"RFRRLRWKTRWRLKKIWWPFLRR",TRUE,TRUE
13929,"KKLRLKIAFK",TRUE,TRUE
13932,"GXXKKXXKKXXKKX",TRUE,TRUE
13973,"GLLKKLLKKLLKKL",TRUE,TRUE
13974,"GVVKKVVKKVVKKV",TRUE,TRUE
13975,"GIIXXIIXXIIXXI",TRUE,TRUE
13976,"GIIXXIIXXIIXXI",TRUE,TRUE
13977,"GIIXXIIXXIIXXI",TRUE,TRUE
13987,"RRIHIHIpGIHIHIRR",TRUE,TRUE
13988,"RRWHWHWpGWHWHWRR",TRUE,TRUE
13989,"RRVHVHVpGVHVHVRR",TRUE,TRUE
13990,"RRFHFHFpGFHFHFRR",TRUE,TRUE
13991,"FLGALWKALSKLL",TRUE,TRUE
13992,"FLGALWHALSKLL",TRUE,TRUE
13994,"FLGALWKALSHLL",TRUE,TRUE
13995,"FLGALWHALSHLL",TRUE,TRUE
13998,"LRRLRRRWRRRLRRL",TRUE,TRUE
13999,"ARRARRRWRRRARRA",TRUE,TRUE
14000,"FRRFRRRWRRRFRRF",TRUE,TRUE
14001,"WRRWRRRWRRRWRRW",TRUE,TRUE
14002,"LRRLRRRWLRRLRRR",TRUE,TRUE
14003,"LRRLRRRLRRLRRRWRRRLRRLRRRLRRL",TRUE,TRUE
14004,"LRRLRRRLRRLRRRLRRLRRRWRRRLRRLRRRLRRLRRRLRRL",TRUE,TRUE
14005,"LRRLRRRWWRRRLRRL",TRUE,TRUE
14006,"LRRLRRRWWWRRRLRRL",TRUE,TRUE
14031,"WLKAAAKAAAKLW",TRUE,TRUE
14032,"LWKAAAKAAAKWL",TRUE,TRUE
14033,"LWKAAAKAAAKLL",TRUE,TRUE
14034,"LWKAAAKAAAKLW",TRUE,TRUE
14035,"AAKAWLKLWAKAA",TRUE,TRUE
14048,"ALWKTLLKHVGKAAGKAALNAVTDMVNQ",TRUE,TRUE
14063,"VRRFXWWWXFLRR",TRUE,TRUE
14064,"VRRFXWWWXFLRR",TRUE,TRUE
14065,"VRRFXWWWXFLRR",TRUE,TRUE
14066,"VRRFKWWWKFLRR",TRUE,TRUE
14078,"ILPWKWKWTPWRR",TRUE,TRUE
14079,"ILPWKWKWXPWRR",TRUE,TRUE
14104,"CFQWKRAMRKVR",TRUE,TRUE
14130,"GIGAVXKVLTTGXPALISWXKRKRQQ",TRUE,TRUE
14131,"GIGAVXKVLTTGXPALISWXKRKRQQ",TRUE,TRUE
14132,"GIGAVXKVLTTGXPALISWXKRKRQQ",TRUE,TRUE
14133,"GIGAVXKVLTTGXPALISWXKRKRQQ",TRUE,TRUE
14140,"RPFTRAQWFAIQHISPRTIAMRAINNYRWR",TRUE,TRUE
14141,"RPFIRAQWFAIQHISPRTIAMRAINNYRWR",TRUE,TRUE
14142,"RPFTRAQIFAIQHISPRTIAMRAINNYRWR",TRUE,TRUE
14143,"RPFTRAQWFAIIHISPRTIAMRAINNYRWR",TRUE,TRUE
14145,"LKLSPKTKKTLKKVLKGAIKGAIAIASMA",TRUE,TRUE
14146,"LKLSPKTKkTLKKVLKGAIKGAIAIASMA",TRUE,TRUE
14156,"RAKIFKKIEKVGRNVRDGIIKAGPAVAVVGQAATVVK",TRUE,TRUE
14157,"RWKIAKKIEKVGRNVRDGIIKAGPAVAVVGQAATVVK",TRUE,TRUE
14158,"RAKIAKKIEKVGRNVRDGIIKAGPAVAVVGQAATVVK",TRUE,TRUE
14159,"RWKIFKKIEKVGRNVRDGIIKA",TRUE,TRUE
14160,"RAKIFKKIEKVGRNVRDGIIKA",TRUE,TRUE
14161,"RWKIAKKIEKVGRNVRDGIIKA",TRUE,TRUE
14162,"GIGKWLHSAKKFGKAFVGEIMNS",TRUE,TRUE
14174,"RAKIAKKIEKVGRNVRDGIIKA",TRUE,TRUE
14175,"RFKIWKKIEKVGRNVRDGIIKA",TRUE,TRUE
14176,"AVAVVGQAATVVK",TRUE,TRUE
14178,"GRWRWWWRWRI",TRUE,TRUE
14182,"FLSGIVGMLaKLF",TRUE,TRUE
14183,"FLSaIVGMLGKLF",TRUE,TRUE
14184,"FLSGIVaMLGKLF",TRUE,TRUE
14185,"FLSaIVaMLGKLF",TRUE,TRUE
14186,"FLSaIVaMLaKLF",TRUE,TRUE
14187,"FLSGIVaMLaKLF",TRUE,TRUE
14188,"FLSaIVGMLaKLF",TRUE,TRUE
14189,"FLSAIVGMLAKLF",TRUE,TRUE
14190,"GRWRWWWRWRW",TRUE,TRUE
14198,"RWRWWWRWRI",TRUE,TRUE
14199,"RWRWWWRWRW",TRUE,TRUE
14207,"GRWRWWWRWRF",TRUE,TRUE
14208,"GRWRWWWRWRL",TRUE,TRUE
14209,"RWRWWWRWRL",TRUE,TRUE
14232,"GRWRWWWRWRA",TRUE,TRUE
14233,"GLWSKIKDAAKTAGKAALGFVNEMV",TRUE,TRUE
14234,"GLWSKIKKAAKTAGKAALGFVNKMV",TRUE,TRUE
14235,"RWRWWWRWRA",TRUE,TRUE
14236,"GRWRWWWRWRV",TRUE,TRUE
14237,"RWRWWWRWRV",TRUE,TRUE
14240,"GRWRWWWRWR",TRUE,TRUE
14241,"SRWRWWWRWRA",TRUE,TRUE
14242,"TRWRWWWRWRA",TRUE,TRUE
14252,"GIGKFLHSAKKFGKAFV",TRUE,TRUE
14253,"GIKKFLKSAKKFVKAFK",TRUE,TRUE
14254,"GIGKFLHSXKKFGKXFV",TRUE,TRUE
14255,"GIGKFLHSXKKFGKXFV",TRUE,TRUE
14256,"GIKKFLKSXKKFVKXFK",TRUE,TRUE
14257,"GIKKFLKSXKKFVKXFK",TRUE,TRUE
14258,"RWRWWWRWRF",TRUE,TRUE
14259,"VRRFPYWWPFLRR",TRUE,TRUE
14260,"VRRFPWYWPFLRR",TRUE,TRUE
14261,"VRRFPWWYPFLRR",TRUE,TRUE
14262,"VRRFPYYWPFLRR",TRUE,TRUE
14263,"VRRFPWYYPFLRR",TRUE,TRUE
14264,"VRRFPYWYPFLRR",TRUE,TRUE
14265,"VRRFPAWWPFLRR",TRUE,TRUE
14266,"VRRFPWAWPFLRR",TRUE,TRUE
14267,"VRRFPWWAPFLRR",TRUE,TRUE
14268,"VRRFPAAWPFLRR",TRUE,TRUE
14269,"VRRFPWAAPFLRR",TRUE,TRUE
14270,"VRRFPAWAPFLRR",TRUE,TRUE
14271,"VRRFPAAAPFLRR",TRUE,TRUE
14301,"FAKKLAKLAKKLAKLALAL",TRUE,TRUE
14302,"FALALKALKKLAKKLKKLAKKAL",TRUE,TRUE
14303,"FALALKALKKLKKALKKAL",TRUE,TRUE
14304,"KWKLFKKALKKLKKALKKAL",TRUE,TRUE
14339,"RKWWK",TRUE,TRUE
14367,"GLLxRIkTLL",TRUE,TRUE
14368,"GLLxRIkTLL",TRUE,TRUE
14369,"GLLxRIkTLL",TRUE,TRUE
14374,"GLLkRIxTLL",TRUE,TRUE
14375,"GLLkRIxTLL",TRUE,TRUE
14376,"GLLkRIxTLL",TRUE,TRUE
14390,"RKWWK",TRUE,TRUE
14419,"KILRGVCKKIMRPFLRRISKDILTGKK",TRUE,TRUE
14420,"KILPGVCKKIMRPFLRRISKDILTGKK",TRUE,TRUE
14453,"RWRPPIRRPPIRPPFYP",TRUE,TRUE
14457,"RFRWPIRRPPIRPPFYP",TRUE,TRUE
14460,"RFRPPIRRPPIRPPWYP",TRUE,TRUE
14461,"RFRPPIRRPPIRPPFWP",TRUE,TRUE
14462,"RFRPPIRRPPIRPPFYR",TRUE,TRUE
14463,"RFRPPIRRPPIRPPFYW",TRUE,TRUE
14464,"RFRRPIRRRPIRPPFYP",TRUE,TRUE
14465,"RFRRPIRRPPIRPPFYR",TRUE,TRUE
14466,"RFRWPIRRPPIRPPWYP",TRUE,TRUE
14467,"RWRWPIRRPPIRPPFYP",TRUE,TRUE
14468,"RWRWPIRRPPIRPPWYP",TRUE,TRUE
14469,"RFRWPIRRRPIRPPFYP",TRUE,TRUE
14470,"RFRWPIRRPPIRPPFYR",TRUE,TRUE
14471,"RWRRPIRRPPIRPPFYP",TRUE,TRUE
14472,"RWRRPIRRPPIRPPFYR",TRUE,TRUE
14473,"RWRRPIRRPPIRPPWYP",TRUE,TRUE
14474,"RWRRPIRRRPIRPPFYP",TRUE,TRUE
14475,"RWRWPIRRPPIRPPFYR",TRUE,TRUE
14476,"RFRWPIRRRPIRPPFYR",TRUE,TRUE
14477,"RFRWPIRRRPIRPPFYW",TRUE,TRUE
14478,"RWRRPIRRRPIRPPFYW",TRUE,TRUE
14479,"RWRRPIRRRPIRPPFYR",TRUE,TRUE
14480,"RWRRPIRRRPIRPPWYP",TRUE,TRUE
14481,"RFRWPIRRRPIRPPWYR",TRUE,TRUE
14482,"RFRRPIRRRPIRPPFWR",TRUE,TRUE
14483,"RFRWPIRRRPIRPPFWR",TRUE,TRUE
14484,"RFRRPIRRRPIRPPWYR",TRUE,TRUE
14485,"RRRRPIRRRPIRPPWYP",TRUE,TRUE
14486,"RWRRPIRRRPIRPPWYR",TRUE,TRUE
14487,"RWRRPIRRRPIRPPFWR",TRUE,TRUE
14488,"RWRRPWRRRPIRPPFYR",TRUE,TRUE
14489,"RWRWPIRRRPIRPPWYR",TRUE,TRUE
14490,"RWRWPIRRRPIRPPFWR",TRUE,TRUE
14491,"RRRRPWRRRPIRPPFYW",TRUE,TRUE
14492,"RFRRPIRRRPIRPPFYR",TRUE,TRUE
14493,"RWRPPIRRPPIRPPWYP",TRUE,TRUE
14494,"RFRRPIRRPPIRPPWYP",TRUE,TRUE
14495,"RRRRPIRRRPIRPPFYR",TRUE,TRUE
14496,"RRRRPIRRRPIRPPWYR",TRUE,TRUE
14619,"WDPYFAGVKKLTKAILAVRA",TRUE,TRUE
14620,"WDPYFAGVKKLTKAILAVRA",TRUE,TRUE
14621,"WGKFFAGVKKLTKAILAVRA",TRUE,TRUE
14622,"WDPYFAGVKKLTKAILGEIA",TRUE,TRUE
14623,"WGKFFAGVKKLTKAILGEIA",TRUE,TRUE
14641,"IDWKKLLDAAKQIX",TRUE,TRUE
14695,"SRSCLIVCQRLF",TRUE,TRUE
14697,"SRSCLIVCQRLF,SRSCLIVCQRLF",TRUE,TRUE
14698,"SRSCLIVCQRLF,SRSCLIVCQRLF",TRUE,TRUE
14700,"KILKRLAAKIKKIL",TRUE,TRUE
14701,"INLKKLAARIKKKI",TRUE,TRUE
14703,"llcialrkk,llcialrkk",TRUE,TRUE
14716,"PMKKLKLALRLAAKIAPVW",TRUE,TRUE
14719,"GWWRRTVDKVRNAGRK",TRUE,TRUE
14720,"GWWRRTVAKVRNAGRK",TRUE,TRUE
14723,"GWWRRTVAKVRK",TRUE,TRUE
14725,"AWWRRTVAKVRK",TRUE,TRUE
14726,"GAWRRTVAKVRK",TRUE,TRUE
14727,"GWARRTVAKVRK",TRUE,TRUE
14728,"GWWARTVAKVRK",TRUE,TRUE
14729,"GWWRATVAKVRK",TRUE,TRUE
14731,"GWWRRTAAKVRK",TRUE,TRUE
14732,"GWWRRTVAAVRK",TRUE,TRUE
14734,"GWWRRTVAKVAK",TRUE,TRUE
14779,"GIFSKLAGKKIKNlLIsGLKG",TRUE,TRUE
14829,"SNGYRPAYRPAYRPSYRP",TRUE,TRUE
14830,"SNVYRPPPYRPVYRPLRRPGYRP",TRUE,TRUE
14831,"FYPRPYRPPYLPDPRPFPRPLPAFGHEFRRH",TRUE,TRUE
14835,"GPKTKAACKXACKLATCGKKPGGWKCKLCELGCDAV",TRUE,TRUE
14836,"GIKEMLCNMACAQTVCKKSGGPLCDTCQAACKALG",TRUE,TRUE
14837,"GIKEXLCNMACAQTVCKKSGGPLCDTCQAACKALG",TRUE,TRUE
14838,"GIKEXLCNXACAQTVCKKSGGPLCDTCQAACKALG",TRUE,TRUE
14861,"XXLXAXX",TRUE,TRUE
14862,"XXLXAXX",TRUE,TRUE
14863,"XXLXAXX",TRUE,TRUE
14864,"XXLXAXX",TRUE,TRUE
14865,"XXLXAXX",TRUE,TRUE
14866,"XXLXAXX",TRUE,TRUE
14905,"RR",TRUE,TRUE
14948,"KWKLFKKIRFGRFLRKIRRFRPK",TRUE,TRUE
14949,"KWKLFKKIWWPFLRR",TRUE,TRUE
14950,"RFGRFLRKIRRFRPK",TRUE,TRUE
14952,"WWPFLRR",TRUE,TRUE
14962,"GXRKXHKXWA,GXRKXHKXWA,GXRKXHKXWAKK,GXRKXHKXWAK",TRUE,TRUE
14971,"IRPIRP",TRUE,TRUE
14972,"IRIRPIRIRP",TRUE,TRUE
14973,"IRIRIRPIRIRIRP",TRUE,TRUE
14974,"IRPIRP",TRUE,TRUE
14975,"IRIRPIRIRP",TRUE,TRUE
14976,"IRIRIRPIRIRIRP",TRUE,TRUE
14977,"IRpIRp",TRUE,TRUE
14978,"IRIRpIRIRp",TRUE,TRUE
14979,"IRIRIRpIRIRIRp",TRUE,TRUE
14980,"SKVWRHWRRFWHRAHRKL",TRUE,TRUE
14981,"SKVWRHWRRFWHRAHRKL",TRUE,TRUE
14982,"SKVWRHWRRFWHRAHRKL",TRUE,TRUE
14983,"SKVWRHWRRFWHRAHRKL",TRUE,TRUE
14984,"VKRTKRGARRGLTKVLKKIFGSIVKKAVSKGV",TRUE,TRUE
14985,"WYQLIRTFGNLIHQKYRKLLEAYRKLRD",TRUE,TRUE
14986,"VRRSKRGIKVPSFVKKVLKDVVSESIS",TRUE,TRUE
15017,"PL",TRUE,TRUE
15028,"INLKALAALAKKIL",TRUE,TRUE
15040,"AGGKRIVQRIKDFLRGAGGKRIVQRIKDFLRG",TRUE,TRUE
15043,"AGGKRIVKRIKKFLRGAGGKRIVKRIKKFLRG",TRUE,TRUE
15067,"KRIVARIKAFLR",TRUE,TRUE
15068,"KRIVKRIKKFLR",TRUE,TRUE
15088,"RPLNFKMLRFWGQQQCRRPLYCRRR",TRUE,TRUE
15090,"QQCRRPLYCRRRKALAALAKKIL",TRUE,TRUE
15095,"XXXXXXXXXXXX",TRUE,TRUE
15096,"XXXXX",TRUE,TRUE
15097,"XXXXXXXXPXXX",TRUE,TRUE
15098,"XXXXXXXXXXX",TRUE,TRUE
15109,"LRKVRRLLRRL",TRUE,TRUE
15110,"LRKVWRWLRRL",TRUE,TRUE
15111,"LRKFRRLLRRL",TRUE,TRUE
15112,"LRRLRRLLRRL",TRUE,TRUE
15275,"ELlVDlL",TRUE,TRUE
15563,"GFGCPFNQGQCHKHCQSIRRRGGYCDGFLKTRCVCYR",TRUE,TRUE
15602,"FLGALFKVASKLVPAAICSISKKC",TRUE,TRUE
15607,"GFLKKIGKKLEGAVQRTRDATIQTIAVAQAAANVAATAKQ",TRUE,TRUE
15609,"GWLRDFGKRIERTGQNIRDATIQTIGIAQEAANVAATLK",TRUE,TRUE
15622,"GFLKKVGKKLEGASDLTRDATIQTIAVAQAAANVAATAKQ",TRUE,TRUE
15623,"QFNMQGGGSPRQGFDVNANARFPIWQSQNARNSVHGTASYAQHLGGPYGNSRPNFGGGLQFT",TRUE,TRUE
15798,"RKCVRVQLIKNGKKITAF",TRUE,TRUE
15801,"FLGAILKIGHALAKTVLPMVTNAFKPKQ",TRUE,TRUE
15817,"KTMMQSGGTFGTFMAIGMGIR",TRUE,TRUE
15840,"RWKLFKKIEKVGRNVRDGLIKAGPAIAVIGQAKSLGK",TRUE,TRUE
15843,"RRWCWWWCWRR",TRUE,TRUE
15844,"RRWYWWWYWRR",TRUE,TRUE
15845,"RRWNWWWNWRR",TRUE,TRUE
15846,"RRWQWWWQWRR",TRUE,TRUE
15847,"RRWTWWWTWRR",TRUE,TRUE
15848,"RRWGWWWGWRR",TRUE,TRUE
15849,"RRWSWWWSWRR",TRUE,TRUE
15913,"FALALKALKKALKKLKKALKKAL",TRUE,TRUE
15914,"FALALKALKKALKKLKKALKKAL",TRUE,TRUE
15915,"MPKWKVFKKIEKVGRNIRNGIVKAGPAIAVLGEAKALG",TRUE,TRUE
15916,"MPKWKVFKKIEKVGRNIRNGIVKAGPAIAVLGEAKALG",TRUE,TRUE
15918,"FAKKLAKKLKKLAKKLAKLALAL",TRUE,TRUE
15919,"FALALKALKKLKKALKKAL",TRUE,TRUE
15920,"FAKKLAKKLKKLAKLALAL",TRUE,TRUE
15921,"VALALKALKKALKKLKKALKKAL",TRUE,TRUE
15922,"FALALKKALKALKKAL",TRUE,TRUE
15923,"FALALKALKKALkkLKKALKKAL",TRUE,TRUE
15924,"FAKKLAKLAKKLLAL",TRUE,TRUE
15925,"FAKKLAKLAKKALAL",TRUE,TRUE
15926,"FALAKKALKKAKKAL",TRUE,TRUE
15927,"FAKKLAKKLKKLAKLALAK",TRUE,TRUE
15928,"FAKKLAKLALKLAKL",TRUE,TRUE
15929,"FAKKLAKKLAKLAL",TRUE,TRUE
15930,"FAKKLKKLAKLAKKL",TRUE,TRUE
15931,"FAKKALKALKKL",TRUE,TRUE
15942,"VAKLLAKLAKKLL",TRUE,TRUE
15943,"FAKLLAKLAKKL",TRUE,TRUE
15944,"VAKKLAKLAKKLAKLAL",TRUE,TRUE
15945,"FAKLLAKLAKKAL",TRUE,TRUE
15946,"FAKLLKLAAKKLL",TRUE,TRUE
15947,"FAKLLAKKLL",TRUE,TRUE
15948,"FAKKLAKALL",TRUE,TRUE
15949,"FAKKLAKKLL",TRUE,TRUE
15950,"FAKLAKKLL",TRUE,TRUE
15951,"FAKKLAKLAKKLAKLAL",TRUE,TRUE
15952,"FAKALKALLKALKAL",TRUE,TRUE
15953,"FAKLLAKLAKAKL",TRUE,TRUE
15954,"FAKLLAKLAKLKL",TRUE,TRUE
15955,"FAKKLAKKLKKLAKKLAKKWKL",TRUE,TRUE
15956,"FAKKLAKKLKKLAKKLAKKWKL",TRUE,TRUE
15957,"KWKLFKKKTKLFKKFAKKLAKKL",TRUE,TRUE
15958,"FAKKLAKKLAKAL",TRUE,TRUE
15959,"FAKKLAKKLAKLL",TRUE,TRUE
15960,"FAKKLAKKLAKAAL",TRUE,TRUE
15961,"FAKKLAKKAKLAKKL",TRUE,TRUE
15962,"FAKKLKKLAKKL",TRUE,TRUE
15963,"KTKLFKKFAKKLAKKLKKLAKKL",TRUE,TRUE
15964,"KWKLFKKKTKLFKKFAKKLAKKL",TRUE,TRUE
15965,"FAKALAKLAKKLL",TRUE,TRUE
15974,"FAKLLAKLAKKAA",TRUE,TRUE
15975,"FAKLLALALKLKL",TRUE,TRUE
15976,"FAKLLAKLAKAKA",TRUE,TRUE
15977,"FAKLLAKLAKAKG",TRUE,TRUE
15978,"FAKKLAKKLKKLAKKLAKLALALKALALKAL",TRUE,TRUE
15979,"FAKKLAKKLKKLAKKLIGAVLKV",TRUE,TRUE
15980,"FAKLLAKALKLKL",TRUE,TRUE
15981,"FAKLLAKALKKAL",TRUE,TRUE
15982,"FAKLLAKALKKL",TRUE,TRUE
15983,"KIAKVALAKLGIGAVLKVLTTGL",TRUE,TRUE
15984,"FAKKLAKLAKKL",TRUE,TRUE
15985,"MPKEKVFLKIEKMGRNIRN",TRUE,TRUE
15986,"FAKKLAKLAKKLAKAL",TRUE,TRUE
15987,"FAKKLLAKALKL",TRUE,TRUE
15988,"FAKFLAKFLKKAL",TRUE,TRUE
15989,"FAKLLFKALKKAL",TRUE,TRUE
15994,"FIQHLIPLIPHAIQGIKDIF",TRUE,TRUE
15995,"FAKLLAKFLKKAL",TRUE,TRUE
16007,"FAKLLAKAFKKAL",TRUE,TRUE
16008,"FAKLFAKAFKKAL",TRUE,TRUE
16009,"FAKLLAKALKKFL",TRUE,TRUE
16010,"FAKLLAKALKKFAL",TRUE,TRUE
16011,"FAKLLAKLAKKFAL",TRUE,TRUE
16012,"FAKLFAKLAKKFAL",TRUE,TRUE
16013,"FKLAFKLAKKAFL",TRUE,TRUE
16014,"FAKLLAKLAK",TRUE,TRUE
16015,"FAKLLAKLAKKVL",TRUE,TRUE
16016,"FAKLLAKLAKKIL",TRUE,TRUE
16017,"FAKLWAKLAFGKGIGKVGKKLL",TRUE,TRUE
16018,"FAKLWAKLAKKL",TRUE,TRUE
16019,"FALALKALKKAL",TRUE,TRUE
16046,"SLFSLIKAGAKFLGKNMLKQGPQYPACKVSKDSENVNWKS",TRUE,TRUE
16047,"GLISTIWNTASNVAGTLTDSVKCKFKKC",TRUE,TRUE
16048,"FIFLPIFRRPVS",TRUE,TRUE
16101,"FALGAVTKVLPKLFCLITRKC",TRUE,TRUE
16102,"FALGAVTCLIRTKCKVLPKLF",TRUE,TRUE
16103,"FALGAVTKVLYKLFCLITRKC",TRUE,TRUE
16104,"XLLKRIKTLL",TRUE,TRUE
16111,"GLLKRIKXLL",TRUE,TRUE
16120,"RKIKVYLPRMK",TRUE,TRUE
16123,"RKIKRYLRRMI",TRUE,TRUE
16137,"FFPVIGRILNGIL",TRUE,TRUE
16143,"FLPALAGIAGLLGKIF",TRUE,TRUE
16162,"FIGTLIPLALGALTKLFK",TRUE,TRUE
16330,"RWRFKWWKK",TRUE,TRUE
16331,"RRIPFWPPNLPGPRRPPWFLPDFRIPRIPRKR",TRUE,TRUE
16332,"RRIPFWPIPLRWQWPPPWFPPSFPIPRISRKR",TRUE,TRUE
16333,"RRIRFPFPPFPWQWPPAGFPTFHIPRIPRKQ",TRUE,TRUE
16354,"RRIRFRPPRLPRPRPRPWIPPRFPFPRIPGKR",TRUE,TRUE
16355,"RRIRIRPPRLPRPRPRPWFPPRFPIPRIPGKR",TRUE,TRUE
16360,"KkKK",TRUE,TRUE
16361,"KKK",TRUE,TRUE
16362,"KAaK",TRUE,TRUE
16363,"KGGk",TRUE,TRUE
16412,"VCRKPVVCRKPV",TRUE,TRUE
16413,"VCRKPVVCRKPVVCRKPV",TRUE,TRUE
16414,"VCRKPVVCRKPVVCRKPVVCRKPV",TRUE,TRUE
16415,"VCRKPVVCRKPVVCRKPVVCRKPVVCRKPV",TRUE,TRUE
16416,"ICRKPIICRKPI",TRUE,TRUE
16417,"ICRKPIICRKPIICRKPI",TRUE,TRUE
16418,"ICRKPIICRKPIICRKPIICRKPI",TRUE,TRUE
16419,"ICRKPIICRKPIICRKPIICRKPIICRKPI",TRUE,TRUE
16420,"IICRKPIICRKPII",TRUE,TRUE
16421,"IICRKPIICRKPIICRKPII",TRUE,TRUE
16422,"IICRKPIICRKPIICRKPIICRKPII",TRUE,TRUE
16423,"IICRKPIICRKPIICRKPIICRKPIICRKPII",TRUE,TRUE
16424,"IIICRKPIICRKPIII",TRUE,TRUE
16425,"IIICRKPIICRKPIICRKPIII",TRUE,TRUE
16426,"IIICRKPIICRKPIICRKPIICRKPIII",TRUE,TRUE
16427,"IIICRKPIICRKPIICRKPIICRKPIICRKPIII",TRUE,TRUE
16444,"KCAGSIAWAIGSGLFGGAKLIKIKKYIAELGGLQ",TRUE,TRUE
16495,"IGGYCSWLRL,IGGYCSWLRL",TRUE,TRUE
16499,"FLPLIGKLLSGLY",TRUE,TRUE
16500,"TTKKEELEKKKKT",TRUE,TRUE
16573,"RRWQWRAFCWNVCVYRNAVRVCHRRCN",TRUE,TRUE
16574,"YGRKKRRQRRRAFCWNVCVYRNAVRVCHRRCN",TRUE,TRUE
16575,"WKWLKKWIK",TRUE,TRUE
16576,"WRKFWKYLK",TRUE,TRUE
16577,"RLWWWWRRK",TRUE,TRUE
16578,"RIRRWKFRW",TRUE,TRUE
16579,"RQRRVVIWW",TRUE,TRUE
16580,"DILIIVGGKERKKRRR",TRUE,TRUE
16581,"DILIIVGGGSGKERKKRRR",TRUE,TRUE
16589,"DILIIVGGKRRR",TRUE,TRUE
16590,"DILIIVGGRRRR",TRUE,TRUE
16641,"KRWHWWRRHWVVW",TRUE,TRUE
16642,"LWKRWVGVWRKWL",TRUE,TRUE
16643,"RWGKWFKKNSHLS",TRUE,TRUE
16644,"RFRLPFRRPPIRIHPPPFYPPFRRFL",TRUE,TRUE
16645,"RFRLPFRRIHPPPFVRIHPPPFYRRFL",TRUE,TRUE
16646,"RFRLPFRRIHPPPFVRIHPPPFYRRFL",TRUE,TRUE
16647,"RFRRFRLPFRRIHPPPFVRIHPPPFYRRFL",TRUE,TRUE
16648,"RFRLPFRRPWPIRIHPPPFYPWPFRRFL",TRUE,TRUE
16649,"RFRLPFRRPPIRIPPPFYPPFRRFL",TRUE,TRUE
16650,"RIHPPPFYPPFRRFL",TRUE,TRUE
16651,"RFRLPFRRPPIRIHPPPFY",TRUE,TRUE
16652,"RFRLPFRRPPIRIH",TRUE,TRUE
16653,"RFRRFRLPFRRPPIRIH",TRUE,TRUE
16784,"KKWRKWLKWLAKK",TRUE,TRUE
16788,"KLGALWNVAKSVF",TRUE,TRUE
16789,"FLGALWNVKKSVF",TRUE,TRUE
16790,"KLGALWNVAKSKF",TRUE,TRUE
16791,"FLKALWKVAKSVF",TRUE,TRUE
16792,"FLKALWNVAKKVF",TRUE,TRUE
16793,"FLGALWKVAKKVF",TRUE,TRUE
16794,"FLKALWKVAKKVF",TRUE,TRUE
16801,"GLFDIVKKVLKLLK",TRUE,TRUE
16815,"XTXCXfXRXc",TRUE,TRUE
16816,"XTXCXxXXXc",TRUE,TRUE
16885,"CKKKKC",TRUE,TRUE
16888,"KRKK",TRUE,TRUE
16889,"CKRKKC",TRUE,TRUE
16890,"RRKK",TRUE,TRUE
16891,"CRRKKC",TRUE,TRUE
16899,"CASYFCRWWWRR",TRUE,TRUE
16900,"CASYFCRWWWLL",TRUE,TRUE
16901,"CASYFCRWWWAA",TRUE,TRUE
16902,"CASYFCRWWWLL",TRUE,TRUE
16903,"CASYFC",TRUE,TRUE
16904,"RWWWLL",TRUE,TRUE
16905,"RWWWAA",TRUE,TRUE
16906,"FTILKKLKSFIK",TRUE,TRUE
16907,"KLVKKLLKKYITF",TRUE,TRUE
16908,"LARFVLRILKYGFK",TRUE,TRUE
16909,"IPLLRKGKKIIWW",TRUE,TRUE
16910,"GLKKVIKLLRPLL",TRUE,TRUE
16911,"ILKPKLWKLTVVARKIIK",TRUE,TRUE
16912,"IVIKSLGKFLKNVGGFAG",TRUE,TRUE
16913,"FKLVWKLLKKLALKL",TRUE,TRUE
16914,"ITKWLLNAIKKGFKL",TRUE,TRUE
16915,"IHKLVKLWLNLGKKF",TRUE,TRUE
16916,"LFSIIWKLNRKLIKA",TRUE,TRUE
16920,"EKKRLLKWWR",TRUE,TRUE
16921,"KWWKLLRKKR",TRUE,TRUE
16936,"FIGAIARLLSKIF",TRUE,TRUE
16937,"ILGKIWKGIKSLF",TRUE,TRUE
16938,"INLKAIAAMAKKLL",TRUE,TRUE
16939,"FLPIAGKLLSGLSGLL",TRUE,TRUE
16941,"VDKPPYLPRPRPIRRPGGR",TRUE,TRUE
16949,"VDKPPYLPRPRPIRrPGGr",TRUE,TRUE
16950,"VDKPPYLPRPRPIRrPGGr",TRUE,TRUE
16955,"AFALIAGALYRIFHRR",TRUE,TRUE
16974,"FLSLIPKIAGGIAALVKNL",TRUE,TRUE
16977,"SRDSRPVQPRVQPPPPPPKQKPSIYDTPIRRPGGRKTMYA",TRUE,TRUE
16980,"FPVTWRWWKWWKG",TRUE,TRUE
16981,"FPVTWRWWKWWKGKFPVTWRWWKWWKG",TRUE,TRUE
16982,"FPVTWRWWKWWKG",TRUE,TRUE
16983,"RRRRWRWWRWWRR",TRUE,TRUE
16984,"RKRWWRWWKWWKR",TRUE,TRUE
16985,"RKrWWrWwkWWkR",TRUE,TRUE
16986,"RWWKWW",TRUE,TRUE
16987,"RWWKWWK",TRUE,TRUE
16988,"WRWWKWW",TRUE,TRUE
16989,"WrWwkWW",TRUE,TRUE
16990,"WRWWKWWK",TRUE,TRUE
16991,"WWRWWKWW",TRUE,TRUE
16992,"WWrWwkWW",TRUE,TRUE
17030,"KKCNFFCKLKKKVKSVGSRNLIGSATHHHRIYRV",TRUE,TRUE
17031,"EGCNILCLLKRKVKAVKNVVKNVVKSVVG",TRUE,TRUE
17032,"RTHRAGLQFPVGRVHRLLRK",TRUE,TRUE
17033,"raGlqfpvGrvhrllrk",TRUE,TRUE
17038,"rthraGlqfpvGrvhrllrk",TRUE,TRUE
17039,"vihraGlqfpvGrvhrllrk",TRUE,TRUE
17045,"IFWLFRGKADVAL",TRUE,TRUE
17046,"IFGTILGFLKGL",TRUE,TRUE
17066,"AKRIVQRIKDFLR",TRUE,TRUE
17095,"F",TRUE,TRUE
17097,"F",TRUE,TRUE
17100,"V",TRUE,TRUE
17119,"KRLFKKLLKYLRKF",TRUE,TRUE
17120,"KRLFKRLFKYLRRF",TRUE,TRUE
17121,"RRIFKRLFKYLRRF",TRUE,TRUE
17122,"KRLFKKLLKYLRkF",TRUE,TRUE
17123,"KRLFkkLLKYLRkF",TRUE,TRUE
17124,"krLFkkLLKYLRkF",TRUE,TRUE
17125,"krLFkkLLkYLrkF",TRUE,TRUE
17126,"KRLXKKLLKYLRKX",TRUE,TRUE
17127,"KRLFKKLLKYLRKX",TRUE,TRUE
17128,"XRLFKKLLKYLRKX",TRUE,TRUE
17129,"XRLFKKLLKYLRKX",TRUE,TRUE
17130,"XXLFXXLLXYLXXX",TRUE,TRUE
17131,"XXLFXXLLXYLRXF",TRUE,TRUE
17132,"XXLFXXLLXYLXXF",TRUE,TRUE
17133,"XXLFXXLLXYLXXF",TRUE,TRUE
17134,"XRLXXXLLXYLXXF",TRUE,TRUE
17182,"CVRRFPWWWPFLRRC",TRUE,TRUE
17213,"XXXAXLX",TRUE,TRUE
17218,"GFCWYVCARRNGARVCYRRCN",TRUE,TRUE
17219,"GFCWRVCASRNGLRVCYRRCN",TRUE,TRUE
17220,"GFCWYACAKRNGLRVCYRRCN",TRUE,TRUE
17221,"GFCWNVCVRRNGVRVCHRRCN",TRUE,TRUE
17222,"GFCWYVCVKRNGVRSCYRRCN",TRUE,TRUE
17223,"GFCWNVCVYRNGVRICHRRCN",TRUE,TRUE
17224,"GFCWHVCARRNGVRVCYRRCN",TRUE,TRUE
17225,"GFCWRACVYRNGVRACYRRCN",TRUE,TRUE
17226,"GFCWRACVYRNGVRVCYRRCN",TRUE,TRUE
17275,"RVQGRWKVRASFFKEAAAKEAAAKGFAWNVCVYRNGVRVCHRRAN",TRUE,TRUE
17276,"RVQGRWKVRASFFKGGGGSGFAWNVCVYRNGVRVCHRRAN",TRUE,TRUE
17281,"ATCDLLSPFKVGHAACAAHCIARGKRGGWCDGRAVCNCRK",TRUE,TRUE
17310,"GFAWNVCVYRNGVRVCHRRAN",TRUE,TRUE
17311,"GfawnvcvyrnGvrvchrran",TRUE,TRUE
17312,"GFAWNVCVYRNGVRVCHRPAN",TRUE,TRUE
17313,"VFAWNVCVYRNVVRVCHRRAN",TRUE,TRUE
17314,"XGFAWNVCVYRNGVRVCHRRAN",TRUE,TRUE
17324,"GLHKVMREVLGYERNSYKKFFLR",TRUE,TRUE
17325,"GLAKVMREVLGYERNSYKKFFLR",TRUE,TRUE
17326,"KVMREVLGYERNSYKKFFLR",TRUE,TRUE
17327,"GLHKVMRKVLGYLRNVYK",TRUE,TRUE
17328,"GLAKVMRKVLGYLRNVYK",TRUE,TRUE
17329,"KVMRKVLGYLRNVYK",TRUE,TRUE
17330,"GLHKVMREVLGY",TRUE,TRUE
17331,"YERNSYKKFFLR",TRUE,TRUE
17332,"GLHKVMREVLGYERNSYK",TRUE,TRUE
17333,"KVMREVLGYERNSYK",TRUE,TRUE
17334,"REVLGYERNSYK",TRUE,TRUE
17344,"WRWRW",TRUE,TRUE
17375,"Cklaklakklaklak",TRUE,TRUE
17376,"klaklakklaklakC",TRUE,TRUE
17389,"WNWSKSF",TRUE,TRUE
17457,"SHHRHFRSHQCRR",TRUE,TRUE
17513,"LWKIWKKIWRVGWNWR",TRUE,TRUE
17516,"LWKIWKKIWRVWKNWR",TRUE,TRUE
17519,"LWKIGKKIWRVLWNWR",TRUE,TRUE
17523,"LWKIWWKIWRVWKNWR",TRUE,TRUE
17642,"GLLkRIkTLLX,GLLkRIkTLLX",TRUE,TRUE
17644,"GLLkRIkTLLX,XGLLkRIkTLL",TRUE,TRUE
17646,"GLLkRIkTLLX,GLLKrIkTLLX",TRUE,TRUE
17648,"GLLkRIkTLLX,XGLLKrIkTLL",TRUE,TRUE
17650,"GLLKrIkTLLX,GLlKRIKTllX",TRUE,TRUE
17651,"XGLLKrIkTLL,GLlKRIKTllX",TRUE,TRUE
17679,"KWWKKWKKWW",TRUE,TRUE
17720,"WRIRPRPPRLPRPRPR",TRUE,TRUE
17721,"RRIRPRPPRLPRPRWR",TRUE,TRUE
17722,"WRIRPRPPRLPRWRPR",TRUE,TRUE
17723,"WRIRRRPPRLPRPRWR",TRUE,TRUE
17724,"WRIRRRWPRLPRPRWR",TRUE,TRUE
17725,"LSYXXxXWXXASpP",TRUE,TRUE
17728,"XTXXXlLXXT,VTYXExXWXXASaP",TRUE,TRUE
17729,"WCVASpPLSYCGXTXXXlLXXT",TRUE,TRUE
17731,"XTXXXlLXXT,VCYXExXWXVCS",TRUE,TRUE
17788,"LKRIVQRIKDFLR",TRUE,TRUE
17789,"FKRIVQRILDFLR",TRUE,TRUE
17790,"FKRIVQRIRDFLR",TRUE,TRUE
17791,"FKRIVQRIRDFLR",TRUE,TRUE
17792,"FKRIVQKIKDFLR",TRUE,TRUE
17793,"FKRIVQLIKDFLR",TRUE,TRUE
17794,"FKRIVQLIKDFLR",TRUE,TRUE
17795,"FKRIVQRIKDLLR",TRUE,TRUE
17796,"FKRIVQRIKDLLR",TRUE,TRUE
17797,"FKRIVQIIKKFLR",TRUE,TRUE
17798,"FKRIVQIIKKFLR",TRUE,TRUE
17799,"FKRIVQLLKKLLR",TRUE,TRUE
17800,"FKRIVQLLKKLLR",TRUE,TRUE
17801,"FKRILQRIKDFLR",TRUE,TRUE
17802,"FKRILQRIKDFLR",TRUE,TRUE
17809,"GSTLLSLL",TRUE,TRUE
17814,"GKKPGGWKAK",TRUE,TRUE
17815,"GKKWGGWKAK",TRUE,TRUE
17816,"GKKPWGWKAK",TRUE,TRUE
17817,"GKKPGWWKAK",TRUE,TRUE
17818,"GKKWWGWKAK",TRUE,TRUE
17819,"GKKWGWWKAK",TRUE,TRUE
17820,"GKKPWWWKAK",TRUE,TRUE
17821,"GKKWWWWKAK",TRUE,TRUE
17822,"GRRPWWWRAR",TRUE,TRUE
17823,"GRRWWWWRAR",TRUE,TRUE
17824,"GRRPLLLRAR",TRUE,TRUE
17825,"GXFKKTFHKVSHAVKSGIHA",TRUE,TRUE
17826,"GWFKKTFHKVSHAVKSGIHA",TRUE,TRUE
17827,"GWFKKTFHKVSHAVKSGIHAGQRGSSALGF",TRUE,TRUE
17828,"GWFKKTFHKVSHAVKSGIHAGQRGCSALGF",TRUE,TRUE
17933,"GIFDVVKGVLKGVGKNVAGSLLEQLKCKLSGGC",TRUE,TRUE
17934,"GKLRLIKKLWVKKWKKKGWKA",TRUE,TRUE
18024,"KVNHAACAAHCLLKRKRGGYCNKRRICVCRN",TRUE,TRUE
18029,"ALWMTLLKKVLKAAAKAALNAVLVGANA",TRUE,TRUE
18030,"ALWMTLLKKVLKAAAKAALNAVLVGA",TRUE,TRUE
18031,"ALWMTLLKKVLKAAAKAALNAVLV",TRUE,TRUE
18032,"ALWMTLLKKVLKAAAKAALNAV",TRUE,TRUE
18033,"WMTLLKKVLKAAAKAALNAVLVGANA",TRUE,TRUE
18034,"TLLKKVLKAAAKAALNAVLVGANA",TRUE,TRUE
18035,"LKKVLKAAAKAALNAVLVGANA",TRUE,TRUE
18070,"RSKKWRKIEKRVKKIFEKTKEALPVIQGVATIVGAVGR",TRUE,TRUE
18071,"GSKRWRKFEKRVKKIFEETKEALPVIQGVATIVGAVGR",TRUE,TRUE
18072,"GSKRWRKFEKRVKKIFEETKEALPVVQGVVGVATAVGRK",TRUE,TRUE
18140,"GLRKRLRKFFNKIKEK",TRUE,TRUE
18141,"GLRKRLRKFRNKIKFK",TRUE,TRUE
18142,"GLRKRLRKFRNKIKEF",TRUE,TRUE
18143,"GLEKRKRKFFNKIKFK",TRUE,TRUE
18144,"GLRKRLRKFFNKIKEF",TRUE,TRUE
18145,"GLRKRLRKFRNKIKFF",TRUE,TRUE
18146,"GLRKRLRKFFNKIKFF",TRUE,TRUE
18147,"GLRKRLRKFRNKIKK",TRUE,TRUE
18148,"GLRKRLRKFFNKIKF",TRUE,TRUE
18149,"GLRKRLRKFXNKIKX",TRUE,TRUE
18150,"GLRKRLRKFXNKIKX",TRUE,TRUE
18151,"GLRKRLRKFXNKIKX",TRUE,TRUE
18158,"INLKAVAALAKKLL",TRUE,TRUE
18206,"nfwxXGxWTIGS",TRUE,TRUE
18207,"nywxXGxWTIGS",TRUE,TRUE
18208,"sywxXGxWTINGG",TRUE,TRUE
18209,"FFPLIFGALSSILPKIL",TRUE,TRUE
18223,"PFRLRLRL",TRUE,TRUE
18231,"PWRLRLRL",TRUE,TRUE
18232,"GIKEFKRIVQRIKDFLRNLV",TRUE,TRUE
18233,"Gikefkrivqrikdflrnlv",TRUE,TRUE
18236,"IRIILRAQGALKI",TRUE,TRUE
18238,"GXKRlVQRlKDWlRKLV",TRUE,TRUE
18291,"GXKRlVQRlKDXlRKLV",TRUE,TRUE
18370,"ALWKDLLKNVGIAAGKAALNKVTDMVNQ",TRUE,TRUE
18432,"RLMRIFRILKLAR",TRUE,TRUE
18433,"RMMRIFWVIKLAR",TRUE,TRUE
18449,"XsfATX",TRUE,TRUE
18451,"XVX",TRUE,TRUE
18452,"XXX",TRUE,TRUE
18453,"XXX",TRUE,TRUE
18454,"XXX",TRUE,TRUE
18455,"XXA",TRUE,TRUE
18456,"AFXGVL",TRUE,TRUE
18457,"AFXGVL",TRUE,TRUE
18458,"XVTXVXVXXVXV",TRUE,TRUE
18459,"XVTXVXVXXVXV",TRUE,TRUE
18466,"XxXAlV",TRUE,TRUE
18473,"NNXnyNQP",TRUE,TRUE
18490,"EFELDRICGYGTARCRKKCRSQEYRIGRCPNTYACCLRKWDESLLNRTKP",TRUE,TRUE
18491,"GIINTLQKYYCRVRGGRCAVLSCRSQEYRIGRCSTRGRKCCRRKK",TRUE,TRUE
18502,"ATPFVPP",TRUE,TRUE
18503,"LFPXSXP",TRUE,TRUE
18504,"FPXFSPX",TRUE,TRUE
18505,"WPISFVP",TRUE,TRUE
18506,"IIILPPXP",TRUE,TRUE
18514,"LELL",TRUE,TRUE
18515,"XLLL",TRUE,TRUE
18516,"LELL",TRUE,TRUE
18517,"LELL",TRUE,TRUE
18530,"XMX",TRUE,TRUE
18531,"XXX",TRUE,TRUE
18532,"XXX",TRUE,TRUE
18533,"XAX",TRUE,TRUE
18534,"AAPXY",TRUE,TRUE
18535,"GXXXSX",TRUE,TRUE
18536,"ExYxEaPQyI",TRUE,TRUE
18539,"nnsNXNQPy",TRUE,TRUE
18541,"ELlVDlL,ExYxEaPQyI",TRUE,TRUE
18558,"AVXGVl",TRUE,TRUE
18559,"AVXGVl",TRUE,TRUE
18560,"AVXGVl",TRUE,TRUE
18561,"AFXGVl",TRUE,TRUE
18562,"AFXGVl",TRUE,TRUE
18563,"ALXGVl",TRUE,TRUE
18564,"AYXGVl",TRUE,TRUE
18565,"AMXGVl",TRUE,TRUE
18566,"AAXGVL",TRUE,TRUE
18567,"AAXGVL",TRUE,TRUE
18625,"GMFTNMLKGIGKLAGKAALGAVKTLA",TRUE,TRUE
18645,"RIRWWWRIR",TRUE,TRUE
18646,"IIRWWWRII",TRUE,TRUE
18647,"RIIRWWWRIIR",TRUE,TRUE
18648,"RLRWWWRLR",TRUE,TRUE
18649,"LLRWWWRLL",TRUE,TRUE
18650,"RLLRWWWRLLR",TRUE,TRUE
18651,"RVRWWWRVR",TRUE,TRUE
18652,"VVRWWWRVV",TRUE,TRUE
18653,"RVVRWWWRVVR",TRUE,TRUE
18704,"WKKWSKKWKHWIPQCKKFGKK",TRUE,TRUE
18707,"KKHRKHRKHRKHWKKWSKKWKHWIPQCKKFGKK",TRUE,TRUE
18709,"YSTCDFIMWKKWSKKWKHWIPQCKKFGKK ",TRUE,TRUE
18710,"ASSLLLVGWKKWSKKWKHWIPQCKKFGKK",TRUE,TRUE
18743,"GRLIDKIARKLVKKIQRFARKFF",TRUE,TRUE
18751,"NLRTYKKRYMFY",TRUE,TRUE
18752,"YNKKYMKHLKPCKKA",TRUE,TRUE
18753,"YNKKYRYHLKSCKKADK",TRUE,TRUE
18759,"TXXXfLXXT",TRUE,TRUE
18760,"XTXXXfLXXT",TRUE,TRUE
18761,"XTXXXfLXXT",TRUE,TRUE
18762,"XTXXXfLXXT",TRUE,TRUE
18763,"XTXXXfLXXT",TRUE,TRUE
18764,"XTxXXfLXXT",TRUE,TRUE
18765,"XTsXXfLXXT",TRUE,TRUE
18766,"XTxXXfLXXT",TRUE,TRUE
18767,"XTsXXfLXXT",TRUE,TRUE
18768,"XTGXXfLXXT",TRUE,TRUE
18769,"TGXXfLXXT",TRUE,TRUE
18770,"xTGXXfLXXT",TRUE,TRUE
18771,"GXTXXfLXXT",TRUE,TRUE
18772,"XTXXXfLXXT",TRUE,TRUE
18773,"XTXXXfLXRT",TRUE,TRUE
18774,"XTXXXfLXXT",TRUE,TRUE
18775,"XTXXXfLXXT",TRUE,TRUE
18776,"XTXXXfLRXT",TRUE,TRUE
18777,"XTXXXfLXXT",TRUE,TRUE
18778,"XTXXXfLXXT",TRUE,TRUE
18779,"XTXXRfLXXT",TRUE,TRUE
18786,"RKKAIKLVKKLVKKLKKALK",TRUE,TRUE
18787,"FLKAIKKFGKEFKKIGAKLK",TRUE,TRUE
18789,"GWWRRTVKKVRNAVRKV",TRUE,TRUE
18790,"GWWRRTVRRVRNAVRRV",TRUE,TRUE
18794,"RRRR                                          ",TRUE,TRUE
18795,"KKKK",TRUE,TRUE
18796,"HHHH",TRUE,TRUE
18811,"RWVKVPGRWVKV",TRUE,TRUE
18812,"RWIKIPGRWIKI",TRUE,TRUE
18813,"RWLKLPGRWLKL",TRUE,TRUE
18814,"RWFKFPGRWFKF",TRUE,TRUE
18815,"RWVRVPGRWVRV",TRUE,TRUE
18816,"RWIRIPGRWIRI",TRUE,TRUE
18817,"RWLRLPGRWLRL",TRUE,TRUE
18818,"RWFRFPGRWFRF",TRUE,TRUE
18819,"RWVHVPGRWVHV",TRUE,TRUE
18820,"RWIHIPGRWIHI",TRUE,TRUE
18821,"RWLHLPGRWLHL",TRUE,TRUE
18822,"RWFHFPGRWFHF",TRUE,TRUE
18823,"RWLKLpGRWLKL",TRUE,TRUE
18824,"RWLKLNGRWLKL",TRUE,TRUE
18825,"RWFKFpGRWFKF",TRUE,TRUE
18826,"RWFKFNGRWFKF",TRUE,TRUE
18827,"RWLRLpGRWLRL",TRUE,TRUE
18828,"RWLRLNGRWLRL",TRUE,TRUE
18829,"RWFRFpGRWFRF",TRUE,TRUE
18830,"RWFRFNGRWFRF",TRUE,TRUE
18831,"RWLHLpGRWLHL",TRUE,TRUE
18832,"RWLHLNGRWLHL",TRUE,TRUE
18833,"RWFHFpGRWFHF",TRUE,TRUE
18834,"RWFHFNGRWFHF",TRUE,TRUE
18855,"WA",TRUE,TRUE
18858,"WG",TRUE,TRUE
18861,"WW",TRUE,TRUE
18874,"VRKPPYLPRPRPPRrIYNr",TRUE,TRUE
18875,"VWKPPYLPRPRPPRrIYNr",TRUE,TRUE
18876,"VDRPPYLPRPRPPRrIYNr",TRUE,TRUE
18877,"VDKKPYLPRPRPPRrIYNr",TRUE,TRUE
18878,"VDKFPYLPRPRPPRrIYNr",TRUE,TRUE
18879,"Pr",TRUE,TRUE
18880,"VDKYPYLPRPRPPRrIYNr",TRUE,TRUE
18881,"VDKPFYLPRPRPPRrIYNr",TRUE,TRUE
18883,"VDKPYYLPRPRPPRrIYNr",TRUE,TRUE
18884,"VDKPHYLPRPRPPRrIYNr",TRUE,TRUE
18885,"VDKPRYLPRPRPPRrIYNr",TRUE,TRUE
18892,"PV",TRUE,TRUE
18894,"Pl",TRUE,TRUE
18911,"VDKPPWLPRPRPPRrIYNr",TRUE,TRUE
18912,"VDKPPFLPRPRPPRrIYNr",TRUE,TRUE
18913,"VDKPPHLPRPRPPRrIYNr",TRUE,TRUE
18914,"VDKPPXLPRPRPPRrIYNr",TRUE,TRUE
18915,"VDKPPXLPRPRPPRrIYNr",TRUE,TRUE
18916,"VDKPPYXPRPRPPRrIYNr",TRUE,TRUE
18917,"VDKPPYXPRPRPPRrIYNr",TRUE,TRUE
18918,"VDKPPYRPRPRPPRrIYNr",TRUE,TRUE
18919,"VDKPPYMPRPRPPRrIYNr",TRUE,TRUE
18920,"VDKPPYFPRPRPPRrIYNr",TRUE,TRUE
18921,"VDKPPYLPRWRPPRrIYNr",TRUE,TRUE
18922,"VDKPPYLPRPWPPRrIYNr",TRUE,TRUE
18923,"VDKPPYLPRPHPPRrIYNr",TRUE,TRUE
18924,"VDKPPYLPRPKPPRrIYNr",TRUE,TRUE
18925,"VDKPPYLPRPFPPRrIYNr",TRUE,TRUE
18926,"VDKPPYLPRPXPPRrIYNr",TRUE,TRUE
18928,"VDKPPYLPRPRPPRrIXNr",TRUE,TRUE
18930,"VDKPPYLPRPRPPRrIXNr",TRUE,TRUE
18932,"VDKPPYLPRPRWPRrIYNr",TRUE,TRUE
18934,"VDKPPYLPRPRWERrIYNr",TRUE,TRUE
18935,"HF",TRUE,TRUE
18936,"HY",TRUE,TRUE
18937,"VDKPPYLPRPRWRRrIYNr",TRUE,TRUE
18938,"VDKPPYLPRPRWWRrIYNr",TRUE,TRUE
18939,"VDKPPYLPRPRWKRrIYNr",TRUE,TRUE
18940,"VDKPPYLPRPRWHRrIYNr",TRUE,TRUE
18941,"VDKPPYLPRPRWIRrIYNr",TRUE,TRUE
18942,"VDKPPYLPRPRWFRrIYNr",TRUE,TRUE
18943,"VDKPPYLPRPRWLRrIYNr",TRUE,TRUE
18944,"VDKPPYLPRPRWARrIYNr",TRUE,TRUE
18945,"VDKPPYLPRPRWNRrIYNr",TRUE,TRUE
18946,"VDKPPYLPRPRWVRrIYNr",TRUE,TRUE
18947,"VDKPPYLPRPRWGRrIYNr",TRUE,TRUE
18948,"VDKPPYLPRPRWSRrIYNr",TRUE,TRUE
18949,"VDKPPYLPRPRWQRrIYNr",TRUE,TRUE
18950,"VDKPPYLPRPRWYRrIYNr",TRUE,TRUE
18951,"VDKPPYLPRPRWDRrIYNr",TRUE,TRUE
18952,"VDKPPYLPRPRWTRrIYNr",TRUE,TRUE
18953,"VDKPPYLPRPRWXRrIYNr",TRUE,TRUE
18954,"XG",TRUE,TRUE
18955,"XA",TRUE,TRUE
18956,"XL",TRUE,TRUE
18957,"XF",TRUE,TRUE
18959,"XY",TRUE,TRUE
18960,"XW",TRUE,TRUE
18961,"WS",TRUE,TRUE
18962,"ws",TRUE,TRUE
18963,"wS",TRUE,TRUE
18964,"Ws",TRUE,TRUE
18965,"WT",TRUE,TRUE
18966,"WE",TRUE,TRUE
18967,"WK",TRUE,TRUE
18968,"XP",TRUE,TRUE
18980,"HA",TRUE,TRUE
18981,"HG",TRUE,TRUE
18983,"PI",TRUE,TRUE
18984,"SIFSLFKMGAKALGKTLLKQAGKAGAEYAACKATNQC",TRUE,TRUE
18985,"SIFSLFKMGAKALGKTLLKQAGKAGAEYAACKATNQC",TRUE,TRUE
18986,"SILSLFKMGAKALGKTLIKQAGKAGAEYVACKATNQC",TRUE,TRUE
18987,"SILSLFKMGAKALGKTLIKQAGKAGAEYVACKATNQC",TRUE,TRUE
18988,"GLWSKIKNVAAAAGKAALGAL",TRUE,TRUE
18989,"GLWKKIKNVAAAAGKAALGAL",TRUE,TRUE
18990,"GLWKKIKNVAKAAGKAALGAL",TRUE,TRUE
18991,"GLWKKIKNVAKAAGKAAKGAL",TRUE,TRUE
18992,"WLWKKIKNVAKAAGKAAKGAL",TRUE,TRUE
18994,"XLXVVVKVVKYLX",TRUE,TRUE
18995,"XLXIIVKIVKYLX",TRUE,TRUE
18996,"XLXIIVKVVKYLX",TRUE,TRUE
18997,"XLXIVVKVVKYLX",TRUE,TRUE
18999,"LPXVa",TRUE,TRUE
19000,"LXXVa",TRUE,TRUE
19003,"GVITDTLKGVAKTVAAELLRKAHCKLTNSC",TRUE,TRUE
19007,"GFGCPWNAYECDRHCVSKGYTGGNCRGKIRQTCHCY",TRUE,TRUE
19015,"GWINEEKIQKKIDEKIGNNILGGMAKAVVHKLAKGEFQ",TRUE,TRUE
19016,"GWINKIQKKIEKIGNNILGGMAKAGPVVHKLAKGEFQ",TRUE,TRUE
19017,"GWINKIQKKIEKIGNKILGGMAKAGPVVHKLAKGEFQ",TRUE,TRUE
19027,"XVXvXVXvXVXv",TRUE,TRUE
19028,"XVXvXVXvXVXv",TRUE,TRUE
19029,"KWCFRVCYRGICYRRCRGK",TRUE,TRUE
19033,"CRWRWKCCKK",TRUE,TRUE
19035,"RRWQWRPKRIVKLIKKWLR",TRUE,TRUE
19104,"GXVXXPI",TRUE,TRUE
19105,"GXVXXPI",TRUE,TRUE
19106,"GXVXXPI",TRUE,TRUE
19107,"GXVFXPI",TRUE,TRUE
19108,"GXVXXPI",TRUE,TRUE
19109,"GXVXXPI",TRUE,TRUE
19122,"SYEKKINRHFKILKKNLKKK",TRUE,TRUE
